Date,Year,Month,Season,ONI,NINO 1+2 SST,NINO 1+2 SST Anomalies,NINO 3 SST,NINO 3 SST Anomalies,NINO 3.4 SST,NINO 3.4 SST Anomalies,NINO 4 SST,NINO 4 SST Anomalies,OLR,TNI,PNA,Precipitation (mm/day),SOI,el_nino
1/1/1951,1951,JAN,DJF 1951,-0.8,0.0,0.0,0.0,0.0,0.0,0.0,0.0,0.0,0.0,1.32,-1.18,0.0,1.5,No
2/1/1951,1951,FEB,JFM 1951,-0.5,0.0,0.0,0.0,0.0,0.0,0.0,0.0,0.0,0.0,1.46,-2.11,0.0,0.9,No
3/1/1951,1951,MAR,FMA 1951,-0.2,0.0,0.0,0.0,0.0,0.0,0.0,0.0,0.0,0.0,1.59,-1.09,0.0,-0.1,No
4/1/1951,1951,APR,MAM 1951,0.2,0.0,0.0,0.0,0.0,0.0,0.0,0.0,0.0,0.0,1.46,0.47,0.0,-0.3,No
5/1/1951,1951,MAY,AMJ 1951,0.4,0.0,0.0,0.0,0.0,0.0,0.0,0.0,0.0,0.0,1.62,1.19,0.0,-0.7,No
6/1/1951,1951,JUN,MJJ 1951,0.6,0.0,0.0,0.0,0.0,0.0,0.0,0.0,0.0,0.0,1.63,-0.54,0.0,0.2,No
7/1/1951,1951,JUL,JJA 1951,0.7,0.0,0.0,0.0,0.0,0.0,0.0,0.0,0.0,0.0,1.52,-0.44,0.0,-1.0,No
8/1/1951,1951,AUG,JAS 1951,0.9,0.0,0.0,0.0,0.0,0.0,0.0,0.0,0.0,0.0,1.49,0.02,0.0,-0.2,No
9/1/1951,1951,SEP,ASO 1951,1.0,0.0,0.0,0.0,0.0,0.0,0.0,0.0,0.0,0.0,1.26,-0.08,0.0,-1.1,No
10/1/1951,1951,OCT,SON 1951,1.2,0.0,0.0,0.0,0.0,0.0,0.0,0.0,0.0,0.0,0.8,0.43,0.0,-1.0,No
11/1/1951,1951,NOV,OND 1951,1.0,0.0,0.0,0.0,0.0,0.0,0.0,0.0,0.0,0.0,0.49,0.21,0.0,-0.8,No
12/1/1951,1951,DEC,NDJ 1951,0.8,0.0,0.0,0.0,0.0,0.0,0.0,0.0,0.0,0.0,0.29,-1.59,0.0,-0.7,No
1/1/1952,1952,JAN,DJF 1952,0.5,0.0,0.0,0.0,0.0,0.0,0.0,0.0,0.0,0.0,0.17,-3.19,0.0,-0.9,No
2/1/1952,1952,FEB,JFM 1952,0.4,0.0,0.0,0.0,0.0,0.0,0.0,0.0,0.0,0.0,-0.29,0.08,0.0,-0.6,No
3/1/1952,1952,MAR,FMA 1952,0.3,0.0,0.0,0.0,0.0,0.0,0.0,0.0,0.0,0.0,-0.37,-0.69,0.0,0.5,No
4/1/1952,1952,APR,MAM 1952,0.3,0.0,0.0,0.0,0.0,0.0,0.0,0.0,0.0,0.0,-0.37,0.89,0.0,-0.2,No
5/1/1952,1952,MAY,AMJ 1952,0.2,0.0,0.0,0.0,0.0,0.0,0.0,0.0,0.0,0.0,-0.57,-0.79,0.0,0.8,No
6/1/1952,1952,JUN,MJJ 1952,0.0,0.0,0.0,0.0,0.0,0.0,0.0,0.0,0.0,0.0,-0.72,0.53,0.0,0.7,No
7/1/1952,1952,JUL,JJA 1952,-0.1,0.0,0.0,0.0,0.0,0.0,0.0,0.0,0.0,0.0,-0.7,-1.57,0.0,0.5,No
8/1/1952,1952,AUG,JAS 1952,0.0,0.0,0.0,0.0,0.0,0.0,0.0,0.0,0.0,0.0,-0.7,0.77,0.0,0.1,No
9/1/1952,1952,SEP,ASO 1952,0.2,0.0,0.0,0.0,0.0,0.0,0.0,0.0,0.0,0.0,-0.7,0.4,0.0,-0.2,No
10/1/1952,1952,OCT,SON 1952,0.1,0.0,0.0,0.0,0.0,0.0,0.0,0.0,0.0,0.0,-0.45,1.05,0.0,0.4,No
11/1/1952,1952,NOV,OND 1952,0.0,0.0,0.0,0.0,0.0,0.0,0.0,0.0,0.0,0.0,-0.57,0.77,0.0,0.0,No
12/1/1952,1952,DEC,NDJ 1952,0.2,0.0,0.0,0.0,0.0,0.0,0.0,0.0,0.0,0.0,-0.17,0.63,0.0,-1.2,No
1/1/1953,1953,JAN,DJF 1953,0.4,0.0,0.0,0.0,0.0,0.0,0.0,0.0,0.0,0.0,-0.03,0.18,0.0,0.3,No
2/1/1953,1953,FEB,JFM 1953,0.6,0.0,0.0,0.0,0.0,0.0,0.0,0.0,0.0,0.0,0.15,1.04,0.0,-0.5,No
3/1/1953,1953,MAR,FMA 1953,0.6,0.0,0.0,0.0,0.0,0.0,0.0,0.0,0.0,0.0,0.33,-0.44,0.0,-0.2,No
4/1/1953,1953,APR,MAM 1953,0.7,0.0,0.0,0.0,0.0,0.0,0.0,0.0,0.0,0.0,0.55,0.78,0.0,0.2,No
5/1/1953,1953,MAY,AMJ 1953,0.8,0.0,0.0,0.0,0.0,0.0,0.0,0.0,0.0,0.0,0.43,1.14,0.0,-1.7,No
6/1/1953,1953,JUN,MJJ 1953,0.8,0.0,0.0,0.0,0.0,0.0,0.0,0.0,0.0,0.0,0.53,-1.6,0.0,0.1,No
7/1/1953,1953,JUL,JJA 1953,0.8,0.0,0.0,0.0,0.0,0.0,0.0,0.0,0.0,0.0,0.41,0.27,0.0,0.0,No
8/1/1953,1953,AUG,JAS 1953,0.7,0.0,0.0,0.0,0.0,0.0,0.0,0.0,0.0,0.0,0.2,-1.15,0.0,-1.2,No
9/1/1953,1953,SEP,ASO 1953,0.8,0.0,0.0,0.0,0.0,0.0,0.0,0.0,0.0,0.0,0.12,-0.14,0.0,-1.2,No
10/1/1953,1953,OCT,SON 1953,0.8,0.0,0.0,0.0,0.0,0.0,0.0,0.0,0.0,0.0,0.13,2.27,0.0,0.1,No
11/1/1953,1953,NOV,OND 1953,0.8,0.0,0.0,0.0,0.0,0.0,0.0,0.0,0.0,0.0,-0.43,1.57,0.0,-0.3,No
12/1/1953,1953,DEC,NDJ 1953,0.8,0.0,0.0,0.0,0.0,0.0,0.0,0.0,0.0,0.0,-0.54,0.96,0.0,-0.5,No
1/1/1954,1954,JAN,DJF 1954,0.8,0.0,0.0,0.0,0.0,0.0,0.0,0.0,0.0,0.0,-0.66,-2.11,0.0,0.7,No
2/1/1954,1954,FEB,JFM 1954,0.5,0.0,0.0,0.0,0.0,0.0,0.0,0.0,0.0,0.0,-1.25,-0.48,0.0,-0.3,No
3/1/1954,1954,MAR,FMA 1954,-0.1,0.0,0.0,0.0,0.0,0.0,0.0,0.0,0.0,0.0,-1.79,-1.44,0.0,0.3,No
4/1/1954,1954,APR,MAM 1954,-0.4,0.0,0.0,0.0,0.0,0.0,0.0,0.0,0.0,0.0,-1.7,-2.86,0.0,0.6,No
5/1/1954,1954,MAY,AMJ 1954,-0.5,0.0,0.0,0.0,0.0,0.0,0.0,0.0,0.0,0.0,-1.84,0.65,0.0,0.5,No
6/1/1954,1954,JUN,MJJ 1954,-0.5,0.0,0.0,0.0,0.0,0.0,0.0,0.0,0.0,0.0,-1.8,0.09,0.0,0.1,No
7/1/1954,1954,JUL,JJA 1954,-0.6,0.0,0.0,0.0,0.0,0.0,0.0,0.0,0.0,0.0,-1.34,-0.14,0.0,0.4,No
8/1/1954,1954,AUG,JAS 1954,-0.8,0.0,0.0,0.0,0.0,0.0,0.0,0.0,0.0,0.0,-0.98,-0.11,0.0,1.1,No
9/1/1954,1954,SEP,ASO 1954,-0.9,0.0,0.0,0.0,0.0,0.0,0.0,0.0,0.0,0.0,-0.61,-0.04,0.0,0.2,No
10/1/1954,1954,OCT,SON 1954,-0.8,0.0,0.0,0.0,0.0,0.0,0.0,0.0,0.0,0.0,-0.46,0.99,0.0,0.3,No
11/1/1954,1954,NOV,OND 1954,-0.7,0.0,0.0,0.0,0.0,0.0,0.0,0.0,0.0,0.0,-0.19,1.38,0.0,0.1,No
12/1/1954,1954,DEC,NDJ 1954,-0.7,0.0,0.0,0.0,0.0,0.0,0.0,0.0,0.0,0.0,0.08,-0.82,0.0,1.4,No
1/1/1955,1955,JAN,DJF 1955,-0.7,0.0,0.0,0.0,0.0,0.0,0.0,0.0,0.0,0.0,0.32,-0.14,0.0,-0.5,No
2/1/1955,1955,JAN,JFM 1955,-0.6,0.0,0.0,0.0,0.0,0.0,0.0,0.0,0.0,0.0,0.49,-2.62,0.0,1.9,No
3/1/1955,1955,FEB,FMA 1955,-0.7,0.0,0.0,0.0,0.0,0.0,0.0,0.0,0.0,0.0,0.62,-2.47,0.0,0.6,No
4/1/1955,1955,MAR,MAM 1955,-0.8,0.0,0.0,0.0,0.0,0.0,0.0,0.0,0.0,0.0,0.36,-0.24,0.0,-0.1,No
5/1/1955,1955,APR,AMJ 1955,-0.8,0.0,0.0,0.0,0.0,0.0,0.0,0.0,0.0,0.0,0.4,-0.42,0.0,1.0,No
6/1/1955,1955,MAY,MJJ 1955,-0.7,0.0,0.0,0.0,0.0,0.0,0.0,0.0,0.0,0.0,0.32,0.11,0.0,1.3,No
7/1/1955,1955,JUN,JJA 1955,-0.7,0.0,0.0,0.0,0.0,0.0,0.0,0.0,0.0,0.0,0.05,-1.32,0.0,1.6,No
8/1/1955,1955,JUL,JAS 1955,-0.8,0.0,0.0,0.0,0.0,0.0,0.0,0.0,0.0,0.0,0.15,-0.55,0.0,1.5,No
9/1/1955,1955,AUG,ASO 1955,-1.1,0.0,0.0,0.0,0.0,0.0,0.0,0.0,0.0,0.0,0.35,-0.22,0.0,1.3,No
10/1/1955,1955,SEP,SON 1955,-1.4,0.0,0.0,0.0,0.0,0.0,0.0,0.0,0.0,0.0,0.41,0.51,0.0,1.5,No
11/1/1955,1955,OCT,OND 1955,-1.7,0.0,0.0,0.0,0.0,0.0,0.0,0.0,0.0,0.0,0.55,-0.93,0.0,1.2,No
12/1/1955,1955,NOV,NDJ 1955,-1.5,0.0,0.0,0.0,0.0,0.0,0.0,0.0,0.0,0.0,0.84,-2.37,0.0,1.0,No
1/1/1956,1956,JAN,DJF 1956,-1.1,0.0,0.0,0.0,0.0,0.0,0.0,0.0,0.0,0.0,1.09,-2.34,0.0,1.3,No
2/1/1956,1956,FEB,JFM 1956,-0.8,0.0,0.0,0.0,0.0,0.0,0.0,0.0,0.0,0.0,1.12,-1.69,0.0,1.6,No
3/1/1956,1956,MAR,FMA 1956,-0.6,0.0,0.0,0.0,0.0,0.0,0.0,0.0,0.0,0.0,0.98,-0.97,0.0,1.3,No
4/1/1956,1956,APR,MAM 1956,-0.5,0.0,0.0,0.0,0.0,0.0,0.0,0.0,0.0,0.0,0.99,-0.17,0.0,0.9,No
5/1/1956,1956,MAY,AMJ 1956,-0.5,0.0,0.0,0.0,0.0,0.0,0.0,0.0,0.0,0.0,0.98,-0.17,0.0,1.4,No
6/1/1956,1956,JUN,MJJ 1956,-0.5,0.0,0.0,0.0,0.0,0.0,0.0,0.0,0.0,0.0,0.72,-0.08,0.0,1.1,No
7/1/1956,1956,JUL,JJA 1956,-0.6,0.0,0.0,0.0,0.0,0.0,0.0,0.0,0.0,0.0,0.71,-1.28,0.0,1.1,No
8/1/1956,1956,AUG,JAS 1956,-0.6,0.0,0.0,0.0,0.0,0.0,0.0,0.0,0.0,0.0,0.77,-0.23,0.0,1.2,No
9/1/1956,1956,SEP,ASO 1956,-0.5,0.0,0.0,0.0,0.0,0.0,0.0,0.0,0.0,0.0,0.66,0.42,0.0,0.1,No
10/1/1956,1956,OCT,SON 1956,-0.4,0.0,0.0,0.0,0.0,0.0,0.0,0.0,0.0,0.0,0.34,-2.16,0.0,1.8,No
11/1/1956,1956,NOV,OND 1956,-0.4,0.0,0.0,0.0,0.0,0.0,0.0,0.0,0.0,0.0,-0.04,1.0,0.0,0.2,No
12/1/1956,1956,DEC,NDJ 1956,-0.4,0.0,0.0,0.0,0.0,0.0,0.0,0.0,0.0,0.0,-0.11,-0.61,0.0,1.1,No
1/1/1957,1957,JAN,DJF 1957,-0.3,0.0,0.0,0.0,0.0,0.0,0.0,0.0,0.0,0.0,0.09,-2.18,0.0,0.6,No
2/1/1957,1957,FEB,JFM 1957,0.1,0.0,0.0,0.0,0.0,0.0,0.0,0.0,0.0,0.0,0.26,-1.89,0.0,-0.1,No
3/1/1957,1957,MAR,FMA 1957,0.4,0.0,0.0,0.0,0.0,0.0,0.0,0.0,0.0,0.0,0.65,0.78,0.0,0.2,No
4/1/1957,1957,APR,MAM 1957,0.7,0.0,0.0,0.0,0.0,0.0,0.0,0.0,0.0,0.0,1.41,-0.41,0.0,0.2,No
5/1/1957,1957,MAY,AMJ 1957,0.9,0.0,0.0,0.0,0.0,0.0,0.0,0.0,0.0,0.0,1.73,1.24,0.0,-0.7,No
6/1/1957,1957,JUN,MJJ 1957,1.1,0.0,0.0,0.0,0.0,0.0,0.0,0.0,0.0,0.0,1.62,0.24,0.0,0.2,No
7/1/1957,1957,JUL,JJA 1957,1.3,0.0,0.0,0.0,0.0,0.0,0.0,0.0,0.0,0.0,1.61,-0.11,0.0,0.2,No
8/1/1957,1957,AUG,JAS 1957,1.3,0.0,0.0,0.0,0.0,0.0,0.0,0.0,0.0,0.0,1.41,-0.99,0.0,-0.5,No
9/1/1957,1957,SEP,ASO 1957,1.3,0.0,0.0,0.0,0.0,0.0,0.0,0.0,0.0,0.0,0.99,-0.22,0.0,-0.9,No
10/1/1957,1957,OCT,SON 1957,1.4,0.0,0.0,0.0,0.0,0.0,0.0,0.0,0.0,0.0,0.63,0.46,0.0,0.0,No
11/1/1957,1957,NOV,OND 1957,1.5,0.0,0.0,0.0,0.0,0.0,0.0,0.0,0.0,0.0,0.14,0.49,0.0,-1.0,No
12/1/1957,1957,DEC,NDJ 1957,1.7,0.0,0.0,0.0,0.0,0.0,0.0,0.0,0.0,0.0,-0.27,-0.73,0.0,-0.3,No
1/1/1958,1958,JAN,DJF 1958,1.8,0.0,0.0,0.0,0.0,0.0,0.0,0.0,0.0,0.0,-0.64,0.62,0.0,-1.9,No
2/1/1958,1958,FEB,JFM 1958,1.7,0.0,0.0,0.0,0.0,0.0,0.0,0.0,0.0,0.0,-0.52,0.36,0.0,-0.5,No
3/1/1958,1958,MAR,FMA 1958,1.3,0.0,0.0,0.0,0.0,0.0,0.0,0.0,0.0,0.0,-0.57,0.18,0.0,0.3,No
4/1/1958,1958,APR,MAM 1958,0.9,0.0,0.0,0.0,0.0,0.0,0.0,0.0,0.0,0.0,-0.26,0.31,0.0,0.4,No
5/1/1958,1958,MAY,AMJ 1958,0.7,0.0,0.0,0.0,0.0,0.0,0.0,0.0,0.0,0.0,-0.01,0.66,0.0,-0.5,No
6/1/1958,1958,JUN,MJJ 1958,0.6,0.0,0.0,0.0,0.0,0.0,0.0,0.0,0.0,0.0,-0.04,1.48,0.0,0.3,No
7/1/1958,1958,JUL,JJA 1958,0.6,0.0,0.0,0.0,0.0,0.0,0.0,0.0,0.0,0.0,-0.23,0.74,0.0,0.4,No
8/1/1958,1958,AUG,JAS 1958,0.4,0.0,0.0,0.0,0.0,0.0,0.0,0.0,0.0,0.0,-0.24,2.13,0.0,0.9,No
9/1/1958,1958,SEP,ASO 1958,0.4,0.0,0.0,0.0,0.0,0.0,0.0,0.0,0.0,0.0,-0.34,-0.05,0.0,-0.3,No
10/1/1958,1958,OCT,SON 1958,0.4,0.0,0.0,0.0,0.0,0.0,0.0,0.0,0.0,0.0,-0.59,0.34,0.0,0.1,No
11/1/1958,1958,NOV,OND 1958,0.5,0.0,0.0,0.0,0.0,0.0,0.0,0.0,0.0,0.0,-0.5,0.08,0.0,-0.4,No
12/1/1958,1958,DEC,NDJ 1958,0.6,0.0,0.0,0.0,0.0,0.0,0.0,0.0,0.0,0.0,-0.6,0.35,0.0,-0.6,No
1/1/1959,1959,JAN,DJF 1959,0.6,0.0,0.0,0.0,0.0,0.0,0.0,0.0,0.0,0.0,-0.47,-1.54,0.0,-0.9,No
2/1/1959,1959,FEB,JFM 1959,0.6,0.0,0.0,0.0,0.0,0.0,0.0,0.0,0.0,0.0,-0.32,-1.23,0.0,-1.4,No
3/1/1959,1959,MAR,FMA 1959,0.5,0.0,0.0,0.0,0.0,0.0,0.0,0.0,0.0,0.0,-0.13,0.21,0.0,1.3,No
4/1/1959,1959,APR,MAM 1959,0.3,0.0,0.0,0.0,0.0,0.0,0.0,0.0,0.0,0.0,0.1,-0.9,0.0,0.4,No
5/1/1959,1959,MAY,AMJ 1959,0.2,0.0,0.0,0.0,0.0,0.0,0.0,0.0,0.0,0.0,0.09,-0.3,0.0,0.5,No
6/1/1959,1959,JUN,MJJ 1959,-0.1,0.0,0.0,0.0,0.0,0.0,0.0,0.0,0.0,0.0,-0.25,1.08,0.0,-0.1,No
7/1/1959,1959,JUL,JJA 1959,-0.2,0.0,0.0,0.0,0.0,0.0,0.0,0.0,0.0,0.0,-0.39,-0.45,0.0,-0.3,No
8/1/1959,1959,AUG,JAS 1959,-0.3,0.0,0.0,0.0,0.0,0.0,0.0,0.0,0.0,0.0,-0.38,1.03,0.0,-0.1,No
9/1/1959,1959,SEP,ASO 1959,-0.1,0.0,0.0,0.0,0.0,0.0,0.0,0.0,0.0,0.0,-0.31,1.19,0.0,0.0,No
10/1/1959,1959,OCT,SON 1959,0.0,0.0,0.0,0.0,0.0,0.0,0.0,0.0,0.0,0.0,-0.11,0.23,0.0,0.5,No
11/1/1959,1959,NOV,OND 1959,0.1,0.0,0.0,0.0,0.0,0.0,0.0,0.0,0.0,0.0,0.18,0.26,0.0,0.9,No
12/1/1959,1959,DEC,NDJ 1959,0.0,0.0,0.0,0.0,0.0,0.0,0.0,0.0,0.0,0.0,0.36,0.36,0.0,0.9,No
1/1/1960,1960,JAN,DJF 1960,-0.1,0.0,0.0,0.0,0.0,0.0,0.0,0.0,0.0,0.0,0.44,-0.16,0.0,0.1,No
2/1/1960,1960,FEB,JFM 1960,-0.1,0.0,0.0,0.0,0.0,0.0,0.0,0.0,0.0,0.0,0.1,-0.22,0.0,0.1,No
3/1/1960,1960,MAR,FMA 1960,-0.1,0.0,0.0,0.0,0.0,0.0,0.0,0.0,0.0,0.0,-0.05,-0.69,0.0,1.0,No
4/1/1960,1960,APR,MAM 1960,0.0,0.0,0.0,0.0,0.0,0.0,0.0,0.0,0.0,0.0,-0.26,-0.07,0.0,0.8,No
5/1/1960,1960,MAY,AMJ 1960,0.0,0.0,0.0,0.0,0.0,0.0,0.0,0.0,0.0,0.0,-0.52,0.99,0.0,0.5,No
6/1/1960,1960,JUN,MJJ 1960,0.0,0.0,0.0,0.0,0.0,0.0,0.0,0.0,0.0,0.0,-0.6,1.2,0.0,0.1,No
7/1/1960,1960,JUL,JJA 1960,0.1,0.0,0.0,0.0,0.0,0.0,0.0,0.0,0.0,0.0,-0.41,1.11,0.0,0.5,No
8/1/1960,1960,AUG,JAS 1960,0.2,0.0,0.0,0.0,0.0,0.0,0.0,0.0,0.0,0.0,-0.49,1.85,0.0,0.8,No
9/1/1960,1960,SEP,ASO 1960,0.3,0.0,0.0,0.0,0.0,0.0,0.0,0.0,0.0,0.0,-0.49,-0.01,0.0,0.7,No
10/1/1960,1960,OCT,SON 1960,0.2,0.0,0.0,0.0,0.0,0.0,0.0,0.0,0.0,0.0,-0.51,0.48,0.0,0.1,No
11/1/1960,1960,NOV,OND 1960,0.1,0.0,0.0,0.0,0.0,0.0,0.0,0.0,0.0,0.0,-0.36,-0.52,0.0,0.5,No
12/1/1960,1960,DEC,NDJ 1960,0.1,0.0,0.0,0.0,0.0,0.0,0.0,0.0,0.0,0.0,-0.08,1.15,0.0,0.8,No
1/1/1961,1961,JAN,DJF 1961,0.0,0.0,0.0,0.0,0.0,0.0,0.0,0.0,0.0,0.0,0.15,1.16,0.0,-0.3,No
2/1/1961,1961,FEB,JFM 1961,0.0,0.0,0.0,0.0,0.0,0.0,0.0,0.0,0.0,0.0,0.33,0.17,0.0,0.9,No
3/1/1961,1961,MAR,FMA 1961,0.0,0.0,0.0,0.0,0.0,0.0,0.0,0.0,0.0,0.0,0.47,0.28,0.0,-1.8,No
4/1/1961,1961,APR,MAM 1961,0.1,0.0,0.0,0.0,0.0,0.0,0.0,0.0,0.0,0.0,0.23,-1.14,0.0,0.8,No
5/1/1961,1961,MAY,AMJ 1961,0.2,0.0,0.0,0.0,0.0,0.0,0.0,0.0,0.0,0.0,-0.24,-0.25,0.0,0.3,No
6/1/1961,1961,JUN,MJJ 1961,0.3,0.0,0.0,0.0,0.0,0.0,0.0,0.0,0.0,0.0,-0.4,1.84,0.0,0.1,No
7/1/1961,1961,JUL,JJA 1961,0.1,0.0,0.0,0.0,0.0,0.0,0.0,0.0,0.0,0.0,-0.58,-0.52,0.0,0.2,No
8/1/1961,1961,AUG,JAS 1961,-0.1,0.0,0.0,0.0,0.0,0.0,0.0,0.0,0.0,0.0,-0.49,0.47,0.0,0.2,No
9/1/1961,1961,SEP,ASO 1961,-0.3,0.0,0.0,0.0,0.0,0.0,0.0,0.0,0.0,0.0,-0.31,1.1,0.0,0.1,No
10/1/1961,1961,OCT,SON 1961,-0.3,0.0,0.0,0.0,0.0,0.0,0.0,0.0,0.0,0.0,0.06,-1.94,0.0,-0.3,No
11/1/1961,1961,NOV,OND 1961,-0.2,0.0,0.0,0.0,0.0,0.0,0.0,0.0,0.0,0.0,0.37,-0.4,0.0,0.5,No
12/1/1961,1961,DEC,NDJ 1961,-0.2,0.0,0.0,0.0,0.0,0.0,0.0,0.0,0.0,0.0,0.62,-1.54,0.0,1.5,No
1/1/1962,1962,JAN,DJF 1962,-0.2,0.0,0.0,0.0,0.0,0.0,0.0,0.0,0.0,0.0,0.33,-0.74,0.0,2.0,No
2/1/1962,1962,FEB,JFM 1962,-0.2,0.0,0.0,0.0,0.0,0.0,0.0,0.0,0.0,0.0,-0.1,-0.54,0.0,-0.3,No
3/1/1962,1962,MAR,FMA 1962,-0.2,0.0,0.0,0.0,0.0,0.0,0.0,0.0,0.0,0.0,-0.28,-0.71,0.0,0.1,No
4/1/1962,1962,APR,MAM 1962,-0.3,0.0,0.0,0.0,0.0,0.0,0.0,0.0,0.0,0.0,-0.71,-1.5,0.0,0.2,No
5/1/1962,1962,MAY,AMJ 1962,-0.3,0.0,0.0,0.0,0.0,0.0,0.0,0.0,0.0,0.0,-1.0,-1.11,0.0,1.1,No
6/1/1962,1962,JUN,MJJ 1962,-0.2,0.0,0.0,0.0,0.0,0.0,0.0,0.0,0.0,0.0,-0.85,-0.97,0.0,0.7,No
7/1/1962,1962,JUL,JJA 1962,0.0,0.0,0.0,0.0,0.0,0.0,0.0,0.0,0.0,0.0,-0.5,-0.36,0.0,0.1,No
8/1/1962,1962,AUG,JAS 1962,-0.1,0.0,0.0,0.0,0.0,0.0,0.0,0.0,0.0,0.0,-0.61,0.57,0.0,0.6,No
9/1/1962,1962,SEP,ASO 1962,-0.1,0.0,0.0,0.0,0.0,0.0,0.0,0.0,0.0,0.0,-0.54,-0.83,0.0,0.4,No
10/1/1962,1962,OCT,SON 1962,-0.2,0.0,0.0,0.0,0.0,0.0,0.0,0.0,0.0,0.0,-0.48,1.33,0.0,1.0,No
11/1/1962,1962,NOV,OND 1962,-0.3,0.0,0.0,0.0,0.0,0.0,0.0,0.0,0.0,0.0,-0.32,0.53,0.0,0.3,No
12/1/1962,1962,DEC,NDJ 1962,-0.4,0.0,0.0,0.0,0.0,0.0,0.0,0.0,0.0,0.0,-0.31,-0.38,0.0,0.2,No
1/1/1963,1963,JAN,DJF 1963,-0.4,0.0,0.0,0.0,0.0,0.0,0.0,0.0,0.0,0.0,-0.13,0.09,0.0,1.0,No
2/1/1963,1963,FEB,JFM 1963,-0.2,0.0,0.0,0.0,0.0,0.0,0.0,0.0,0.0,0.0,-0.11,0.79,0.0,0.6,No
3/1/1963,1963,MAR,FMA 1963,0.2,0.0,0.0,0.0,0.0,0.0,0.0,0.0,0.0,0.0,0.06,-2.04,0.0,1.1,No
4/1/1963,1963,APR,MAM 1963,0.3,0.0,0.0,0.0,0.0,0.0,0.0,0.0,0.0,0.0,0.0,-0.79,0.0,0.8,No
5/1/1963,1963,MAY,AMJ 1963,0.3,0.0,0.0,0.0,0.0,0.0,0.0,0.0,0.0,0.0,-0.1,-0.95,0.0,0.4,No
6/1/1963,1963,JUN,MJJ 1963,0.5,0.0,0.0,0.0,0.0,0.0,0.0,0.0,0.0,0.0,-0.25,0.5,0.0,-0.5,No
7/1/1963,1963,JUL,JJA 1963,0.9,0.0,0.0,0.0,0.0,0.0,0.0,0.0,0.0,0.0,-0.17,-1.1,0.0,-0.1,No
8/1/1963,1963,AUG,JAS 1963,1.1,0.0,0.0,0.0,0.0,0.0,0.0,0.0,0.0,0.0,-0.37,-1.01,0.0,0.0,No
9/1/1963,1963,SEP,ASO 1963,1.2,0.0,0.0,0.0,0.0,0.0,0.0,0.0,0.0,0.0,-0.63,0.87,0.0,-0.6,No
10/1/1963,1963,OCT,SON 1963,1.3,0.0,0.0,0.0,0.0,0.0,0.0,0.0,0.0,0.0,-0.72,0.93,0.0,-1.2,No
11/1/1963,1963,NOV,OND 1963,1.4,0.0,0.0,0.0,0.0,0.0,0.0,0.0,0.0,0.0,-0.93,-0.31,0.0,-0.8,No
12/1/1963,1963,DEC,NDJ 1963,1.3,0.0,0.0,0.0,0.0,0.0,0.0,0.0,0.0,0.0,-1.27,1.46,0.0,-1.2,No
1/1/1964,1964,JAN,DJF 1964,1.1,0.0,0.0,0.0,0.0,0.0,0.0,0.0,0.0,0.0,-1.34,-0.44,0.0,-0.4,No
2/1/1964,1964,FEB,JFM 1964,0.6,0.0,0.0,0.0,0.0,0.0,0.0,0.0,0.0,0.0,-1.3,1.36,0.0,0.0,No
3/1/1964,1964,MAR,FMA 1964,0.1,0.0,0.0,0.0,0.0,0.0,0.0,0.0,0.0,0.0,-1.54,-1.31,0.0,1.1,No
4/1/1964,1964,APR,MAM 1964,-0.3,0.0,0.0,0.0,0.0,0.0,0.0,0.0,0.0,0.0,-1.42,-1.3,0.0,1.1,No
5/1/1964,1964,MAY,AMJ 1964,-0.6,0.0,0.0,0.0,0.0,0.0,0.0,0.0,0.0,0.0,-1.18,-2.27,0.0,0.2,No
6/1/1964,1964,JUN,MJJ 1964,-0.6,0.0,0.0,0.0,0.0,0.0,0.0,0.0,0.0,0.0,-0.99,0.27,0.0,0.8,No
7/1/1964,1964,JUL,JJA 1964,-0.6,0.0,0.0,0.0,0.0,0.0,0.0,0.0,0.0,0.0,-0.53,0.2,0.0,0.6,No
8/1/1964,1964,AUG,JAS 1964,-0.7,0.0,0.0,0.0,0.0,0.0,0.0,0.0,0.0,0.0,0.02,0.83,0.0,1.5,No
9/1/1964,1964,SEP,ASO 1964,-0.8,0.0,0.0,0.0,0.0,0.0,0.0,0.0,0.0,0.0,0.47,0.92,0.0,1.3,No
10/1/1964,1964,OCT,SON 1964,-0.8,0.0,0.0,0.0,0.0,0.0,0.0,0.0,0.0,0.0,0.78,0.8,0.0,1.3,No
11/1/1964,1964,NOV,OND 1964,-0.8,0.0,0.0,0.0,0.0,0.0,0.0,0.0,0.0,0.0,0.91,-0.78,0.0,0.2,No
12/1/1964,1964,DEC,NDJ 1964,-0.8,0.0,0.0,0.0,0.0,0.0,0.0,0.0,0.0,0.0,0.88,-2.03,0.0,-0.3,No
1/1/1965,1965,JAN,DJF 1965,-0.6,0.0,0.0,0.0,0.0,0.0,0.0,0.0,0.0,0.0,1.12,-0.92,0.0,-0.4,No
2/1/1965,1965,FEB,JFM 1965,-0.3,0.0,0.0,0.0,0.0,0.0,0.0,0.0,0.0,0.0,1.39,-1.03,0.0,0.4,No
3/1/1965,1965,MAR,FMA 1965,-0.1,0.0,0.0,0.0,0.0,0.0,0.0,0.0,0.0,0.0,1.84,-0.8,0.0,0.8,No
4/1/1965,1965,APR,MAM 1965,0.2,0.0,0.0,0.0,0.0,0.0,0.0,0.0,0.0,0.0,2.18,-1.07,0.0,-0.5,No
5/1/1965,1965,MAY,AMJ 1965,0.5,0.0,0.0,0.0,0.0,0.0,0.0,0.0,0.0,0.0,2.21,-0.42,0.0,0.2,No
6/1/1965,1965,JUN,MJJ 1965,0.8,0.0,0.0,0.0,0.0,0.0,0.0,0.0,0.0,0.0,2.02,1.89,0.0,-0.6,No
7/1/1965,1965,JUL,JJA 1965,1.2,0.0,0.0,0.0,0.0,0.0,0.0,0.0,0.0,0.0,1.48,-1.26,0.0,-1.8,No
8/1/1965,1965,AUG,JAS 1965,1.5,0.0,0.0,0.0,0.0,0.0,0.0,0.0,0.0,0.0,0.76,0.32,0.0,-0.7,No
9/1/1965,1965,SEP,ASO 1965,1.9,0.0,0.0,0.0,0.0,0.0,0.0,0.0,0.0,0.0,0.21,0.36,0.0,-1.3,No
10/1/1965,1965,OCT,SON 1965,2.0,0.0,0.0,0.0,0.0,0.0,0.0,0.0,0.0,0.0,-0.11,1.42,0.0,-0.9,No
11/1/1965,1965,NOV,OND 1965,2.0,0.0,0.0,0.0,0.0,0.0,0.0,0.0,0.0,0.0,-0.34,-0.81,0.0,-1.5,No
12/1/1965,1965,DEC,NDJ 1965,1.7,0.0,0.0,0.0,0.0,0.0,0.0,0.0,0.0,0.0,-0.56,-1.56,0.0,0.2,No
1/1/1966,1966,JAN,DJF 1966,1.4,0.0,0.0,0.0,0.0,0.0,0.0,0.0,0.0,0.0,-1.13,-0.15,0.0,-1.3,No
2/1/1966,1966,FEB,JFM 1966,1.2,0.0,0.0,0.0,0.0,0.0,0.0,0.0,0.0,0.0,-1.49,-2.05,0.0,-0.2,No
3/1/1966,1966,MAR,FMA 1966,1.0,0.0,0.0,0.0,0.0,0.0,0.0,0.0,0.0,0.0,-1.81,0.43,0.0,-0.9,No
4/1/1966,1966,APR,MAM 1966,0.7,0.0,0.0,0.0,0.0,0.0,0.0,0.0,0.0,0.0,-2.18,-0.54,0.0,-0.2,No
5/1/1966,1966,MAY,AMJ 1966,0.4,0.0,0.0,0.0,0.0,0.0,0.0,0.0,0.0,0.0,-2.36,-0.15,0.0,-0.4,No
6/1/1966,1966,JUN,MJJ 1966,0.2,0.0,0.0,0.0,0.0,0.0,0.0,0.0,0.0,0.0,-2.01,0.1,0.0,0.3,No
7/1/1966,1966,JUL,JJA 1966,0.2,0.0,0.0,0.0,0.0,0.0,0.0,0.0,0.0,0.0,-1.87,-1.18,0.0,0.1,No
8/1/1966,1966,AUG,JAS 1966,0.1,0.0,0.0,0.0,0.0,0.0,0.0,0.0,0.0,0.0,-1.7,1.26,0.0,0.6,No
9/1/1966,1966,SEP,ASO 1966,-0.1,0.0,0.0,0.0,0.0,0.0,0.0,0.0,0.0,0.0,-1.41,0.63,0.0,-0.2,No
10/1/1966,1966,OCT,SON 1966,-0.1,0.0,0.0,0.0,0.0,0.0,0.0,0.0,0.0,0.0,-1.18,-0.61,0.0,-0.1,No
11/1/1966,1966,NOV,OND 1966,-0.2,0.0,0.0,0.0,0.0,0.0,0.0,0.0,0.0,0.0,-0.77,-1.96,0.0,0.0,No
12/1/1966,1966,DEC,NDJ 1966,-0.3,0.0,0.0,0.0,0.0,0.0,0.0,0.0,0.0,0.0,-0.22,-0.21,0.0,-0.3,No
1/1/1967,1967,JAN,DJF 1967,-0.4,0.0,0.0,0.0,0.0,0.0,0.0,0.0,0.0,0.0,-0.08,-1.16,0.0,1.7,No
2/1/1967,1967,FEB,JFM 1967,-0.5,0.0,0.0,0.0,0.0,0.0,0.0,0.0,0.0,0.0,-0.02,-0.2,0.0,1.7,No
3/1/1967,1967,MAR,FMA 1967,-0.5,0.0,0.0,0.0,0.0,0.0,0.0,0.0,0.0,0.0,-0.14,-2.25,0.0,1.2,No
4/1/1967,1967,APR,MAM 1967,-0.5,0.0,0.0,0.0,0.0,0.0,0.0,0.0,0.0,0.0,-0.46,-1.91,0.0,0.0,No
5/1/1967,1967,MAY,AMJ 1967,-0.2,0.0,0.0,0.0,0.0,0.0,0.0,0.0,0.0,0.0,-0.97,-0.8,0.0,0.0,No
6/1/1967,1967,JUN,MJJ 1967,0.0,0.0,0.0,0.0,0.0,0.0,0.0,0.0,0.0,0.0,-1.25,-0.33,0.0,0.6,No
7/1/1967,1967,JUL,JJA 1967,0.1,0.0,0.0,0.0,0.0,0.0,0.0,0.0,0.0,0.0,-1.45,-1.24,0.0,0.2,No
8/1/1967,1967,AUG,JAS 1967,-0.2,0.0,0.0,0.0,0.0,0.0,0.0,0.0,0.0,0.0,-1.54,-0.35,0.0,0.7,No
9/1/1967,1967,SEP,ASO 1967,-0.3,0.0,0.0,0.0,0.0,0.0,0.0,0.0,0.0,0.0,-1.67,0.11,0.0,0.5,No
10/1/1967,1967,OCT,SON 1967,-0.4,0.0,0.0,0.0,0.0,0.0,0.0,0.0,0.0,0.0,-1.72,1.1,0.0,0.1,No
11/1/1967,1967,NOV,OND 1967,-0.3,0.0,0.0,0.0,0.0,0.0,0.0,0.0,0.0,0.0,-1.62,-0.35,0.0,-0.4,No
12/1/1967,1967,DEC,NDJ 1967,-0.4,0.0,0.0,0.0,0.0,0.0,0.0,0.0,0.0,0.0,-1.55,-1.12,0.0,-0.6,No
1/1/1968,1968,JAN,DJF 1968,-0.6,0.0,0.0,0.0,0.0,0.0,0.0,0.0,0.0,0.0,-1.34,-1.78,0.0,0.5,No
2/1/1968,1968,FEB,JFM 1968,-0.7,0.0,0.0,0.0,0.0,0.0,0.0,0.0,0.0,0.0,-1.17,1.11,0.0,1.3,No
3/1/1968,1968,MAR,FMA 1968,-0.6,0.0,0.0,0.0,0.0,0.0,0.0,0.0,0.0,0.0,-1.11,0.13,0.0,0.1,No
4/1/1968,1968,APR,MAM 1968,-0.4,0.0,0.0,0.0,0.0,0.0,0.0,0.0,0.0,0.0,-1.25,-1.11,0.0,0.0,No
5/1/1968,1968,MAY,AMJ 1968,0.0,0.0,0.0,0.0,0.0,0.0,0.0,0.0,0.0,0.0,-1.2,0.23,0.0,1.2,No
6/1/1968,1968,JUN,MJJ 1968,0.3,0.0,0.0,0.0,0.0,0.0,0.0,0.0,0.0,0.0,-1.07,-0.08,0.0,1.1,No
7/1/1968,1968,JUL,JJA 1968,0.6,0.0,0.0,0.0,0.0,0.0,0.0,0.0,0.0,0.0,-0.69,-0.04,0.0,0.7,No
8/1/1968,1968,AUG,JAS 1968,0.5,0.0,0.0,0.0,0.0,0.0,0.0,0.0,0.0,0.0,-0.53,1.3,0.0,0.3,No
9/1/1968,1968,SEP,ASO 1968,0.5,0.0,0.0,0.0,0.0,0.0,0.0,0.0,0.0,0.0,-0.44,-0.87,0.0,-0.3,No
10/1/1968,1968,OCT,SON 1968,0.6,0.0,0.0,0.0,0.0,0.0,0.0,0.0,0.0,0.0,-0.4,0.45,0.0,-0.1,No
11/1/1968,1968,NOV,OND 1968,0.7,0.0,0.0,0.0,0.0,0.0,0.0,0.0,0.0,0.0,-0.79,0.83,0.0,-0.3,No
12/1/1968,1968,DEC,NDJ 1968,1.0,0.0,0.0,0.0,0.0,0.0,0.0,0.0,0.0,0.0,-1.51,-1.74,0.0,0.2,No
1/1/1969,1969,JAN,DJF 1969,1.1,0.0,0.0,0.0,0.0,0.0,0.0,0.0,0.0,0.0,-1.51,-2.96,0.0,-1.5,No
2/1/1969,1969,FEB,JFM 1969,1.1,0.0,0.0,0.0,0.0,0.0,0.0,0.0,0.0,0.0,-1.16,-1.97,0.0,-0.5,No
3/1/1969,1969,MAR,FMA 1969,1.0,0.0,0.0,0.0,0.0,0.0,0.0,0.0,0.0,0.0,-0.71,0.47,0.0,0.4,No
4/1/1969,1969,APR,MAM 1969,0.8,0.0,0.0,0.0,0.0,0.0,0.0,0.0,0.0,0.0,0.05,0.48,0.0,-0.4,No
5/1/1969,1969,MAY,AMJ 1969,0.6,0.0,0.0,0.0,0.0,0.0,0.0,0.0,0.0,0.0,0.62,1.02,0.0,-0.2,No
6/1/1969,1969,JUN,MJJ 1969,0.4,0.0,0.0,0.0,0.0,0.0,0.0,0.0,0.0,0.0,0.49,2.11,0.0,0.2,No
7/1/1969,1969,JUL,JJA 1969,0.4,0.0,0.0,0.0,0.0,0.0,0.0,0.0,0.0,0.0,0.19,0.51,0.0,-0.5,No
8/1/1969,1969,AUG,JAS 1969,0.5,0.0,0.0,0.0,0.0,0.0,0.0,0.0,0.0,0.0,-0.1,-0.69,0.0,-0.1,No
9/1/1969,1969,SEP,ASO 1969,0.8,0.0,0.0,0.0,0.0,0.0,0.0,0.0,0.0,0.0,-0.46,1.31,0.0,-1.0,No
10/1/1969,1969,OCT,SON 1969,0.9,0.0,0.0,0.0,0.0,0.0,0.0,0.0,0.0,0.0,-0.5,0.55,0.0,-0.9,No
11/1/1969,1969,NOV,OND 1969,0.8,0.0,0.0,0.0,0.0,0.0,0.0,0.0,0.0,0.0,-0.3,0.13,0.0,-0.1,No
12/1/1969,1969,DEC,NDJ 1969,0.6,0.0,0.0,0.0,0.0,0.0,0.0,0.0,0.0,0.0,-0.35,1.53,0.0,0.4,No
1/1/1970,1970,JAN,DJF 1970,0.5,0.0,0.0,0.0,0.0,0.0,0.0,0.0,0.0,0.0,-0.77,0.12,0.0,-1.1,No
2/1/1970,1970,FEB,JFM 1970,0.3,0.0,0.0,0.0,0.0,0.0,0.0,0.0,0.0,0.0,-1.02,1.01,0.0,-1.0,No
3/1/1970,1970,MAR,FMA 1970,0.3,0.0,0.0,0.0,0.0,0.0,0.0,0.0,0.0,0.0,-1.39,0.49,0.0,0.6,No
4/1/1970,1970,APR,MAM 1970,0.2,0.0,0.0,0.0,0.0,0.0,0.0,0.0,0.0,0.0,-1.72,-0.66,0.0,-0.1,No
5/1/1970,1970,MAY,AMJ 1970,0.0,0.0,0.0,0.0,0.0,0.0,0.0,0.0,0.0,0.0,-1.99,-0.5,0.0,0.4,No
6/1/1970,1970,JUN,MJJ 1970,-0.3,0.0,0.0,0.0,0.0,0.0,0.0,0.0,0.0,0.0,-1.87,0.23,0.0,1.0,No
7/1/1970,1970,JUL,JJA 1970,-0.6,0.0,0.0,0.0,0.0,0.0,0.0,0.0,0.0,0.0,-1.72,0.74,0.0,-0.4,No
8/1/1970,1970,AUG,JAS 1970,-0.8,0.0,0.0,0.0,0.0,0.0,0.0,0.0,0.0,0.0,-1.28,-0.6,0.0,0.6,No
9/1/1970,1970,SEP,ASO 1970,-0.8,0.0,0.0,0.0,0.0,0.0,0.0,0.0,0.0,0.0,-0.96,-0.39,0.0,1.2,No
10/1/1970,1970,OCT,SON 1970,-0.7,0.0,0.0,0.0,0.0,0.0,0.0,0.0,0.0,0.0,-0.28,-0.95,0.0,1.0,No
11/1/1970,1970,NOV,OND 1970,-0.9,0.0,0.0,0.0,0.0,0.0,0.0,0.0,0.0,0.0,0.23,-1.15,0.0,1.6,No
12/1/1970,1970,DEC,NDJ 1970,-1.2,0.0,0.0,0.0,0.0,0.0,0.0,0.0,0.0,0.0,0.45,-1.09,0.0,1.9,No
1/1/1971,1971,JAN,DJF 1971,-1.4,0.0,0.0,0.0,0.0,0.0,0.0,0.0,0.0,0.0,0.57,-2.43,0.0,0.4,No
2/1/1971,1971,FEB,JFM 1971,-1.4,0.0,0.0,0.0,0.0,0.0,0.0,0.0,0.0,0.0,0.86,-0.16,0.0,2.0,No
3/1/1971,1971,MAR,FMA 1971,-1.1,0.0,0.0,0.0,0.0,0.0,0.0,0.0,0.0,0.0,0.69,-0.28,0.0,2.3,No
4/1/1971,1971,APR,MAM 1971,-0.9,0.0,0.0,0.0,0.0,0.0,0.0,0.0,0.0,0.0,0.4,0.23,0.0,1.7,No
5/1/1971,1971,MAY,AMJ 1971,-0.7,0.0,0.0,0.0,0.0,0.0,0.0,0.0,0.0,0.0,0.4,1.09,0.0,0.9,No
6/1/1971,1971,JUN,MJJ 1971,-0.7,0.0,0.0,0.0,0.0,0.0,0.0,0.0,0.0,0.0,0.21,0.51,0.0,0.4,No
7/1/1971,1971,JUL,JJA 1971,-0.8,0.0,0.0,0.0,0.0,0.0,0.0,0.0,0.0,0.0,0.1,-1.74,0.0,0.2,No
8/1/1971,1971,AUG,JAS 1971,-0.8,0.0,0.0,0.0,0.0,0.0,0.0,0.0,0.0,0.0,0.1,-0.81,0.0,1.5,No
9/1/1971,1971,SEP,ASO 1971,-0.8,0.0,0.0,0.0,0.0,0.0,0.0,0.0,0.0,0.0,0.15,0.15,0.0,1.4,No
10/1/1971,1971,OCT,SON 1971,-0.9,0.0,0.0,0.0,0.0,0.0,0.0,0.0,0.0,0.0,0.09,-1.35,0.0,1.7,No
11/1/1971,1971,NOV,OND 1971,-1.0,0.0,0.0,0.0,0.0,0.0,0.0,0.0,0.0,0.0,0.22,-0.26,0.0,0.5,No
12/1/1971,1971,DEC,NDJ 1971,-0.9,0.0,0.0,0.0,0.0,0.0,0.0,0.0,0.0,0.0,0.26,-1.76,0.0,0.3,No
1/1/1972,1972,JAN,DJF 1972,-0.7,0.0,0.0,0.0,0.0,0.0,0.0,0.0,0.0,0.0,0.45,-2.46,0.0,0.5,No
2/1/1972,1972,FEB,JFM 1972,-0.4,0.0,0.0,0.0,0.0,0.0,0.0,0.0,0.0,0.0,0.58,-2.27,0.0,1.1,No
3/1/1972,1972,MAR,FMA 1972,0.1,0.0,0.0,0.0,0.0,0.0,0.0,0.0,0.0,0.0,0.66,-0.1,0.0,0.6,No
4/1/1972,1972,APR,MAM 1972,0.4,0.0,0.0,0.0,0.0,0.0,0.0,0.0,0.0,0.0,0.85,-1.95,0.0,-0.1,No
5/1/1972,1972,MAY,AMJ 1972,0.7,0.0,0.0,0.0,0.0,0.0,0.0,0.0,0.0,0.0,1.13,0.21,0.0,-1.6,No
6/1/1972,1972,JUN,MJJ 1972,0.9,0.0,0.0,0.0,0.0,0.0,0.0,0.0,0.0,0.0,1.52,-0.15,0.0,-0.5,No
7/1/1972,1972,JUL,JJA 1972,1.1,0.0,0.0,0.0,0.0,0.0,0.0,0.0,0.0,0.0,1.66,-1.13,0.0,-1.4,No
8/1/1972,1972,AUG,JAS 1972,1.4,0.0,0.0,0.0,0.0,0.0,0.0,0.0,0.0,0.0,1.64,-0.04,0.0,-0.5,No
9/1/1972,1972,SEP,ASO 1972,1.6,0.0,0.0,0.0,0.0,0.0,0.0,0.0,0.0,0.0,1.48,0.13,0.0,-1.4,No
10/1/1972,1972,OCT,SON 1972,1.8,0.0,0.0,0.0,0.0,0.0,0.0,0.0,0.0,0.0,1.19,-1.49,0.0,-0.9,No
11/1/1972,1972,NOV,OND 1972,2.1,0.0,0.0,0.0,0.0,0.0,0.0,0.0,0.0,0.0,0.6,0.53,0.0,-0.3,No
12/1/1972,1972,DEC,NDJ 1972,2.1,0.0,0.0,0.0,0.0,0.0,0.0,0.0,0.0,0.0,0.12,-0.86,0.0,-1.3,No
1/1/1973,1973,JAN,DJF 1973,1.8,0.0,0.0,0.0,0.0,0.0,0.0,0.0,0.0,0.0,-0.29,-0.88,0.0,-0.3,No
2/1/1973,1973,FEB,JFM 1973,1.3,0.0,0.0,0.0,0.0,0.0,0.0,0.0,0.0,0.0,-0.68,-0.14,0.0,-1.4,No
3/1/1973,1973,MAR,FMA 1973,0.5,0.0,0.0,0.0,0.0,0.0,0.0,0.0,0.0,0.0,-1.11,0.53,0.0,0.7,No
4/1/1973,1973,APR,MAM 1973,-0.1,0.0,0.0,0.0,0.0,0.0,0.0,0.0,0.0,0.0,-1.22,0.11,0.0,0.1,No
5/1/1973,1973,MAY,AMJ 1973,-0.5,0.0,0.0,0.0,0.0,0.0,0.0,0.0,0.0,0.0,-1.12,0.67,0.0,0.4,No
6/1/1973,1973,JUN,MJJ 1973,-0.9,0.0,0.0,0.0,0.0,0.0,0.0,0.0,0.0,0.0,-0.86,1.01,0.0,1.1,No
7/1/1973,1973,JUL,JJA 1973,-1.1,0.0,0.0,0.0,0.0,0.0,0.0,0.0,0.0,0.0,-0.56,-0.26,0.0,0.6,No
8/1/1973,1973,AUG,JAS 1973,-1.3,0.0,0.0,0.0,0.0,0.0,0.0,0.0,0.0,0.0,-0.04,-0.95,0.0,1.3,No
9/1/1973,1973,SEP,ASO 1973,-1.5,0.0,0.0,0.0,0.0,0.0,0.0,0.0,0.0,0.0,0.5,-0.27,0.0,1.2,No
10/1/1973,1973,OCT,SON 1973,-1.7,0.0,0.0,0.0,0.0,0.0,0.0,0.0,0.0,0.0,1.15,-0.74,0.0,0.8,No
11/1/1973,1973,NOV,OND 1973,-2.0,0.0,0.0,0.0,0.0,0.0,0.0,0.0,0.0,0.0,1.72,-1.66,0.0,2.6,No
12/1/1973,1973,DEC,NDJ 1973,-2.0,0.0,0.0,0.0,0.0,0.0,0.0,0.0,0.0,0.0,1.97,0.23,0.0,1.8,No
1/1/1974,1974,JAN,DJF 1974,-1.8,0.0,0.0,0.0,0.0,0.0,0.0,0.0,0.0,0.0,2.15,-1.54,0.0,2.4,No
2/1/1974,1974,FEB,JFM 1974,-1.6,0.0,0.0,0.0,0.0,0.0,0.0,0.0,0.0,0.0,2.13,-1.5,0.0,2.1,No
3/1/1974,1974,MAR,FMA 1974,-1.2,0.0,0.0,0.0,0.0,0.0,0.0,0.0,0.0,0.0,1.96,-1.1,0.0,2.4,No
4/1/1974,1974,APR,MAM 1974,-1.0,0.0,0.0,0.0,0.0,0.0,0.0,0.0,0.0,0.0,1.73,-0.73,0.0,0.9,No
5/1/1974,1974,MAY,AMJ 1974,-0.9,0.0,0.0,0.0,0.0,0.0,0.0,0.0,0.0,0.0,1.7,-0.4,0.0,1.0,No
6/1/1974,1974,JUN,MJJ 1974,-0.8,0.0,0.0,0.0,0.0,0.0,0.0,0.0,0.0,1.1,1.5,-1.36,0.0,0.4,No
7/1/1974,1974,JUL,JJA 1974,-0.5,0.0,0.0,0.0,0.0,0.0,0.0,0.0,0.0,0.0,1.23,-0.09,0.0,1.1,No
8/1/1974,1974,AUG,JAS 1974,-0.4,0.0,0.0,0.0,0.0,0.0,0.0,0.0,0.0,1.0,0.89,0.9,0.0,0.8,No
9/1/1974,1974,SEP,ASO 1974,-0.4,0.0,0.0,0.0,0.0,0.0,0.0,0.0,0.0,0.9,0.83,0.35,0.0,1.1,No
10/1/1974,1974,OCT,SON 1974,-0.6,0.0,0.0,0.0,0.0,0.0,0.0,0.0,0.0,1.1,0.64,0.93,0.0,0.9,No
11/1/1974,1974,NOV,OND 1974,-0.8,0.0,0.0,0.0,0.0,0.0,0.0,0.0,0.0,1.0,0.48,0.53,0.0,-0.1,No
12/1/1974,1974,DEC,NDJ 1974,-0.6,0.0,0.0,0.0,0.0,0.0,0.0,0.0,0.0,0.1,0.36,0.38,0.0,0.2,No
1/1/1975,1975,JAN,DJF 1975,-0.5,0.0,0.0,0.0,0.0,0.0,0.0,0.0,0.0,-0.2,0.6,-1.2,0.0,-0.5,No
2/1/1975,1975,FEB,JFM 1975,-0.6,0.0,0.0,0.0,0.0,0.0,0.0,0.0,0.0,1.1,0.75,-0.51,0.0,0.8,No
3/1/1975,1975,MAR,FMA 1975,-0.7,0.0,0.0,0.0,0.0,0.0,0.0,0.0,0.0,1.1,0.86,-0.81,0.0,1.6,No
4/1/1975,1975,APR,MAM 1975,-0.7,0.0,0.0,0.0,0.0,0.0,0.0,0.0,0.0,0.7,0.95,-0.67,0.0,1.2,No
5/1/1975,1975,MAY,AMJ 1975,-0.8,0.0,0.0,0.0,0.0,0.0,0.0,0.0,0.0,1.4,1.34,0.6,0.0,0.6,No
6/1/1975,1975,JUN,MJJ 1975,-1.0,0.0,0.0,0.0,0.0,0.0,0.0,0.0,0.0,1.0,1.46,-0.31,0.0,1.3,No
7/1/1975,1975,JUL,JJA 1975,-1.1,0.0,0.0,0.0,0.0,0.0,0.0,0.0,0.0,1.2,1.5,-1.53,0.0,1.9,No
8/1/1975,1975,AUG,JAS 1975,-1.2,0.0,0.0,0.0,0.0,0.0,0.0,0.0,0.0,1.4,1.73,-1.1,0.0,2.0,No
9/1/1975,1975,SEP,ASO 1975,-1.4,0.0,0.0,0.0,0.0,0.0,0.0,0.0,0.0,1.3,1.93,-0.23,0.0,2.1,No
10/1/1975,1975,OCT,SON 1975,-1.4,0.0,0.0,0.0,0.0,0.0,0.0,0.0,0.0,1.4,1.98,-0.65,0.0,1.7,No
11/1/1975,1975,NOV,OND 1975,-1.6,0.0,0.0,0.0,0.0,0.0,0.0,0.0,0.0,1.3,1.95,-0.63,0.0,1.2,No
12/1/1975,1975,DEC,NDJ 1975,-1.7,0.0,0.0,0.0,0.0,0.0,0.0,0.0,0.0,1.9,1.91,-0.16,0.0,2.1,No
1/1/1976,1976,JAN,DJF 1976,-1.6,0.0,0.0,0.0,0.0,0.0,0.0,0.0,0.0,1.1,1.73,-0.25,0.0,1.4,No
2/1/1976,1976,FEB,JFM 1976,-1.2,0.0,0.0,0.0,0.0,0.0,0.0,0.0,0.0,1.2,1.73,-2.38,0.0,1.7,No
3/1/1976,1976,MAR,FMA 1976,-0.7,0.0,0.0,0.0,0.0,0.0,0.0,0.0,0.0,0.3,1.7,-1.78,0.0,1.7,No
4/1/1976,1976,APR,MAM 1976,-0.5,0.0,0.0,0.0,0.0,0.0,0.0,0.0,0.0,0.7,1.81,0.92,0.0,0.3,No
5/1/1976,1976,MAY,AMJ 1976,-0.3,0.0,0.0,0.0,0.0,0.0,0.0,0.0,0.0,0.4,2.06,0.58,0.0,0.4,No
6/1/1976,1976,JUN,MJJ 1976,-0.1,0.0,0.0,0.0,0.0,0.0,0.0,0.0,0.0,-0.4,2.35,-1.32,0.0,0.3,No
7/1/1976,1976,JUL,JJA 1976,0.2,0.0,0.0,0.0,0.0,0.0,0.0,0.0,0.0,-0.5,2.21,-0.12,0.0,-0.9,No
8/1/1976,1976,AUG,JAS 1976,0.4,0.0,0.0,0.0,0.0,0.0,0.0,0.0,0.0,-0.6,1.88,-0.62,0.0,-0.8,No
9/1/1976,1976,SEP,ASO 1976,0.6,0.0,0.0,0.0,0.0,0.0,0.0,0.0,0.0,-0.3,1.35,-0.04,0.0,-1.1,No
10/1/1976,1976,OCT,SON 1976,0.8,0.0,0.0,0.0,0.0,0.0,0.0,0.0,0.0,-0.5,0.81,0.91,0.0,0.4,No
11/1/1976,1976,NOV,OND 1976,0.9,0.0,0.0,0.0,0.0,0.0,0.0,0.0,0.0,0.2,0.3,1.72,0.0,0.7,No
12/1/1976,1976,DEC,NDJ 1976,0.9,0.0,0.0,0.0,0.0,0.0,0.0,0.0,0.0,-0.8,0.07,0.21,0.0,-0.3,No
1/1/1977,1977,JAN,DJF 1977,0.7,0.0,0.0,0.0,0.0,0.0,0.0,0.0,0.0,-0.7,-0.16,1.6,0.0,-0.4,No
2/1/1977,1977,FEB,JFM 1977,0.6,0.0,0.0,0.0,0.0,0.0,0.0,0.0,0.0,0.6,-0.27,2.43,0.0,1.2,No
3/1/1977,1977,MAR,FMA 1977,0.3,0.0,0.0,0.0,0.0,0.0,0.0,0.0,0.0,-1.1,-0.45,-0.69,0.0,-0.5,No
4/1/1977,1977,APR,MAM 1977,0.2,0.0,0.0,0.0,0.0,0.0,0.0,0.0,0.0,0.0,-0.66,-0.32,0.0,-0.4,No
5/1/1977,1977,MAY,AMJ 1977,0.2,0.0,0.0,0.0,0.0,0.0,0.0,0.0,0.0,0.4,-0.91,-0.56,0.0,-0.5,No
6/1/1977,1977,JUN,MJJ 1977,0.3,0.0,0.0,0.0,0.0,0.0,0.0,0.0,0.0,0.4,-1.19,0.57,0.0,-0.9,No
7/1/1977,1977,JUL,JJA 1977,0.4,0.0,0.0,0.0,0.0,0.0,0.0,0.0,0.0,-0.2,-1.53,-1.04,0.0,-1.1,No
8/1/1977,1977,AUG,JAS 1977,0.4,0.0,0.0,0.0,0.0,0.0,0.0,0.0,0.0,0.0,-1.73,2.2,0.0,-0.8,No
9/1/1977,1977,SEP,ASO 1977,0.6,0.0,0.0,0.0,0.0,0.0,0.0,0.0,0.0,0.0,-1.95,-0.72,0.0,-0.8,No
10/1/1977,1977,OCT,SON 1977,0.7,0.0,0.0,0.0,0.0,0.0,0.0,0.0,0.0,-0.2,-2.11,1.25,0.0,-1.0,No
11/1/1977,1977,NOV,OND 1977,0.8,0.0,0.0,0.0,0.0,0.0,0.0,0.0,0.0,-0.7,-1.91,-0.22,0.0,-1.3,No
12/1/1977,1977,DEC,NDJ 1977,0.8,0.0,0.0,0.0,0.0,0.0,0.0,0.0,0.0,-1.9,-1.64,-0.8,0.0,-1.1,No
1/1/1978,1978,JAN,DJF 1978,0.7,0.0,0.0,0.0,0.0,0.0,0.0,0.0,0.0,-0.9,-1.57,0.13,0.0,-0.3,No
2/1/1978,1978,FEB,JFM 1978,0.4,0.0,0.0,0.0,0.0,0.0,0.0,0.0,0.0,-0.9,-1.28,1.4,0.0,-2.7,No
3/1/1978,1978,MAR,FMA 1978,0.1,0.0,0.0,0.0,0.0,0.0,0.0,0.0,0.0,0.0,-1.0,-0.18,0.0,-0.2,No
4/1/1978,1978,APR,MAM 1978,-0.2,0.0,0.0,0.0,0.0,0.0,0.0,0.0,0.0,0.0,-0.98,-0.19,0.0,-0.3,No
5/1/1978,1978,MAY,AMJ 1978,-0.3,0.0,0.0,0.0,0.0,0.0,0.0,0.0,0.0,0.0,-0.91,-0.73,0.0,1.4,No
6/1/1978,1978,JUN,MJJ 1978,-0.3,0.0,0.0,0.0,0.0,0.0,0.0,0.0,0.0,0.0,-0.79,-0.92,0.0,0.7,No
7/1/1978,1978,JUL,JJA 1978,-0.4,0.0,0.0,0.0,0.0,0.0,0.0,0.0,0.0,0.0,-0.73,-2.43,0.0,0.6,No
8/1/1978,1978,AUG,JAS 1978,-0.4,0.0,0.0,0.0,0.0,0.0,0.0,0.0,0.0,0.0,-0.62,0.02,0.0,0.4,No
9/1/1978,1978,SEP,ASO 1978,-0.4,0.0,0.0,0.0,0.0,0.0,0.0,0.0,0.0,0.0,-0.35,1.38,0.0,0.1,No
10/1/1978,1978,OCT,SON 1978,-0.3,0.0,0.0,0.0,0.0,0.0,0.0,0.0,0.0,0.0,-0.09,0.69,0.0,-0.4,No
11/1/1978,1978,NOV,OND 1978,-0.1,0.0,0.0,0.0,0.0,0.0,0.0,0.0,0.0,0.0,0.02,-0.48,0.0,0.0,No
12/1/1978,1978,DEC,NDJ 1978,0.0,0.0,0.0,0.0,0.0,0.0,0.0,0.0,0.0,0.0,-0.19,-1.02,0.0,-0.1,No
1/1/1979,1979,JAN,DJF 1979,0.0,0.0,0.0,0.0,0.0,0.0,0.0,0.0,0.0,-0.7,-0.34,-1.54,0.0,-0.4,Yes
2/1/1979,1979,FEB,JFM 1979,0.1,0.0,0.0,0.0,0.0,0.0,0.0,0.0,0.0,-0.6,-0.31,-2.73,0.0,1.0,Yes
3/1/1979,1979,MAR,FMA 1979,0.2,0.0,0.0,0.0,0.0,0.0,0.0,0.0,0.0,-0.3,-0.35,0.08,0.0,0.1,Yes
4/1/1979,1979,APR,MAM 1979,0.3,0.0,0.0,0.0,0.0,0.0,0.0,0.0,0.0,0.3,-0.19,-0.15,0.0,-0.1,Yes
5/1/1979,1979,MAY,AMJ 1979,0.2,0.0,0.0,0.0,0.0,0.0,0.0,0.0,0.0,0.0,0.07,1.27,0.0,0.5,Yes
6/1/1979,1979,JUN,MJJ 1979,0.1,0.0,0.0,0.0,0.0,0.0,0.0,0.0,0.0,0.3,0.33,-1.64,0.0,0.6,Yes
7/1/1979,1979,JUL,JJA 1979,0.0,0.0,0.0,0.0,0.0,0.0,0.0,0.0,0.0,0.5,0.44,0.51,0.0,1.3,Yes
8/1/1979,1979,AUG,JAS 1979,0.2,0.0,0.0,0.0,0.0,0.0,0.0,0.0,0.0,0.2,0.46,0.67,0.0,-0.2,Yes
9/1/1979,1979,SEP,ASO 1979,0.3,0.0,0.0,0.0,0.0,0.0,0.0,0.0,0.0,-0.1,0.3,1.02,0.0,0.1,Yes
10/1/1979,1979,OCT,SON 1979,0.5,0.0,0.0,0.0,0.0,0.0,0.0,0.0,0.0,-0.7,0.01,1.85,0.0,-0.1,Yes
11/1/1979,1979,NOV,OND 1979,0.5,0.0,0.0,0.0,0.0,0.0,0.0,0.0,0.0,-0.5,-0.29,0.51,0.0,-0.4,Yes
12/1/1979,1979,DEC,NDJ 1979,0.6,0.0,0.0,0.0,0.0,0.0,0.0,0.0,0.0,-0.5,-0.76,-0.68,0.0,-0.7,Yes
1/1/1980,1980,JAN,DJF 1980,0.6,0.0,0.0,0.0,0.0,0.0,0.0,0.0,0.0,0.6,-1.07,-1.01,0.0,0.4,Yes
2/1/1980,1980,FEB,JFM 1980,0.5,0.0,0.0,0.0,0.0,0.0,0.0,0.0,0.0,0.4,-1.2,2.03,0.0,0.3,Yes
3/1/1980,1980,MAR,FMA 1980,0.3,0.0,0.0,0.0,0.0,0.0,0.0,0.0,0.0,-1.1,-1.04,-0.64,0.0,-0.4,Yes
4/1/1980,1980,APR,MAM 1980,0.4,0.0,0.0,0.0,0.0,0.0,0.0,0.0,0.0,0.0,-1.0,1.66,0.0,-0.6,Yes
5/1/1980,1980,MAY,AMJ 1980,0.5,0.0,0.0,0.0,0.0,0.0,0.0,0.0,0.0,-0.2,-1.04,-0.16,0.0,0.0,Yes
6/1/1980,1980,JUN,MJJ 1980,0.5,0.0,0.0,0.0,0.0,0.0,0.0,0.0,0.0,-0.7,-1.04,-0.81,0.0,0.0,Yes
7/1/1980,1980,JUL,JJA 1980,0.3,0.0,0.0,0.0,0.0,0.0,0.0,0.0,0.0,-0.3,-1.02,-0.81,0.0,0.0,Yes
8/1/1980,1980,AUG,JAS 1980,0.0,0.0,0.0,0.0,0.0,0.0,0.0,0.0,0.0,-0.9,-1.14,-2.03,0.0,0.4,Yes
9/1/1980,1980,SEP,ASO 1980,-0.1,0.0,0.0,0.0,0.0,0.0,0.0,0.0,0.0,0.0,-1.28,-0.08,0.0,-0.5,Yes
10/1/1980,1980,OCT,SON 1980,0.0,0.0,0.0,0.0,0.0,0.0,0.0,0.0,0.0,-0.3,-1.29,2.87,0.0,0.0,Yes
11/1/1980,1980,NOV,OND 1980,0.1,0.0,0.0,0.0,0.0,0.0,0.0,0.0,0.0,-0.4,-1.39,1.28,0.0,-0.3,Yes
12/1/1980,1980,DEC,NDJ 1980,0.0,0.0,0.0,0.0,0.0,0.0,0.0,0.0,0.0,0.3,-1.43,-0.57,0.0,-0.1,Yes
1/1/1981,1981,JAN,DJF 1981,-0.3,0.0,0.0,0.0,0.0,0.0,0.0,0.0,0.0,0.4,-1.35,2.46,6.62,0.4,No
2/1/1981,1981,FEB,JFM 1981,-0.5,0.0,0.0,0.0,0.0,0.0,0.0,0.0,0.0,-0.7,-1.09,0.21,1.76,-0.2,No
3/1/1981,1981,MAR,FMA 1981,-0.5,0.0,0.0,0.0,0.0,0.0,0.0,0.0,0.0,-0.9,-0.84,1.27,0.61,-1.3,No
4/1/1981,1981,APR,MAM 1981,-0.4,0.0,0.0,0.0,0.0,0.0,0.0,0.0,0.0,-0.9,-0.56,-1.23,0.56,-0.1,No
5/1/1981,1981,MAY,AMJ 1981,-0.3,0.0,0.0,0.0,0.0,0.0,0.0,0.0,0.0,0.5,-0.5,1.83,1.57,0.8,No
6/1/1981,1981,JUN,MJJ 1981,-0.3,0.0,0.0,0.0,0.0,0.0,0.0,0.0,0.0,0.4,-0.46,-0.1,3.07,1.2,No
7/1/1981,1981,JUL,JJA 1981,-0.3,0.0,0.0,0.0,0.0,0.0,0.0,0.0,0.0,0.1,-0.53,-1.02,1.95,0.8,No
8/1/1981,1981,AUG,JAS 1981,-0.3,0.0,0.0,0.0,0.0,0.0,0.0,0.0,0.0,0.9,-0.61,-1.54,1.47,0.7,No
9/1/1981,1981,SEP,ASO 1981,-0.2,0.0,0.0,0.0,0.0,0.0,0.0,0.0,0.0,0.0,-0.71,0.08,3.44,0.3,No
10/1/1981,1981,OCT,SON 1981,-0.1,0.0,0.0,0.0,0.0,0.0,0.0,0.0,0.0,0.2,-0.62,-1.43,2.69,-0.4,No
11/1/1981,1981,NOV,OND 1981,-0.2,0.0,0.0,0.0,0.0,0.0,0.0,0.0,0.0,0.3,-0.62,1.19,2.93,0.2,No
12/1/1981,1981,DEC,NDJ 1981,-0.1,0.0,0.0,0.0,0.0,0.0,0.0,0.0,0.0,-0.2,-0.71,-0.42,4.3,0.5,No
1/1/1982,1982,JAN,DJF 1982,-0.1,24.28,-0.24,25.84,0.17,26.65,0.08,28.01,-0.21,0.9,-1.07,-1.75,5.66,1.2,Yes
2/1/1982,1982,FEB,JFM 1982,0.1,25.38,-0.72,26.26,-0.11,26.54,-0.2,27.99,-0.11,0.1,-1.47,-1.2,5.5,0.3,Yes
3/1/1982,1982,MAR,FMA 1982,0.2,25.22,-1.38,26.92,-0.25,27.09,-0.14,28.18,-0.05,-0.6,-1.92,-1.66,0.44,0.6,Yes
4/1/1982,1982,APR,MAM 1982,0.5,24.57,-1.16,27.52,-0.05,27.83,0.02,28.61,0.1,0.0,-2.36,-2.08,0.28,0.1,Yes
5/1/1982,1982,MAY,AMJ 1982,0.7,24.0,-0.62,27.7,0.49,28.37,0.49,29.19,0.4,0.4,-2.36,-0.53,2.51,-0.3,Yes
6/1/1982,1982,JUN,MJJ 1982,0.7,22.88,-0.29,27.1,0.46,28.35,0.65,29.46,0.62,-0.2,-1.92,2.17,6.8,-1.0,Yes
7/1/1982,1982,JUL,JJA 1982,0.8,22.07,0.24,26.14,0.27,27.57,0.27,28.76,-0.02,-1.2,-1.42,0.49,1.48,-1.5,Yes
8/1/1982,1982,AUG,JAS 1982,1.1,21.71,0.85,26.05,0.83,27.76,0.86,28.7,0.01,-1.6,-0.81,0.31,3.43,-1.7,Yes
9/1/1982,1982,SEP,ASO 1982,1.6,21.91,1.33,26.5,1.49,28.01,1.24,28.91,0.24,-1.4,0.2,0.83,1.78,-1.7,Yes
10/1/1982,1982,OCT,SON 1982,2.0,22.67,1.8,27.04,1.96,28.5,1.73,29.11,0.43,-1.8,0.98,-0.86,1.38,-1.7,Yes
11/1/1982,1982,NOV,OND 1982,2.2,24.4,2.78,27.39,2.19,28.5,1.68,28.85,0.18,-2.0,1.44,-0.47,0.96,-2.6,Yes
12/1/1982,1982,DEC,NDJ 1982,2.2,25.73,2.89,28.07,2.8,28.85,2.21,28.81,0.36,-0.9,1.68,0.45,0.68,-2.2,Yes
1/1/1983,1983,JAN,DJF 1983,2.2,26.82,2.3,28.37,2.69,28.7,2.13,28.63,0.41,-1.5,1.82,0.87,0.28,-3.5,Yes
2/1/1983,1983,FEB,JFM 1983,1.9,27.65,1.55,28.39,2.01,28.54,1.81,28.51,0.41,-0.7,1.99,1.44,0.02,-3.6,Yes
3/1/1983,1983,MAR,FMA 1983,1.5,28.34,1.73,28.48,1.32,28.45,1.22,28.59,0.37,0.1,2.28,2.03,0.04,-2.4,Yes
4/1/1983,1983,APR,MAM 1983,1.3,28.1,2.37,28.76,1.19,28.49,0.68,28.49,-0.02,0.3,2.93,0.98,0.03,-0.9,Yes
5/1/1983,1983,MAY,AMJ 1983,1.1,27.87,3.26,28.64,1.43,28.56,0.68,28.97,0.18,-0.8,3.73,-0.08,0.25,0.6,Yes
6/1/1983,1983,JUN,MJJ 1983,0.7,27.2,4.03,28.09,1.45,28.16,0.45,28.78,-0.06,-0.9,4.23,2.1,3.1,0.0,Yes
7/1/1983,1983,JUL,JJA 1983,0.3,25.69,3.85,26.56,0.68,26.97,-0.33,28.46,-0.32,-1.0,4.14,0.82,4.99,-0.6,Yes
8/1/1983,1983,AUG,JAS 1983,-0.1,23.73,2.88,25.77,0.55,26.46,-0.44,28.2,-0.49,-0.1,3.87,0.5,4.59,0.1,Yes
9/1/1983,1983,SEP,ASO 1983,-0.5,22.16,1.58,25.21,0.2,26.38,-0.38,28.06,-0.62,-0.1,3.18,-1.37,6.7,0.9,Yes
10/1/1983,1983,OCT,SON 1983,-0.8,21.98,1.11,24.56,-0.52,25.75,-1.02,27.67,-1.02,0.3,2.46,0.26,5.73,0.4,Yes
11/1/1983,1983,NOV,OND 1983,-1.0,22.01,0.38,24.16,-1.03,25.53,-1.29,27.67,-1.01,0.2,1.81,1.75,3.16,-0.1,Yes
12/1/1983,1983,DEC,NDJ 1983,-0.9,22.95,0.11,24.39,-0.88,25.49,-1.16,27.48,-0.97,1.1,1.41,-0.61,2.17,0.0,Yes
1/1/1984,1984,JAN,DJF 1984,-0.6,24.35,-0.16,24.8,-0.87,25.6,-0.96,27.41,-0.81,1.7,1.08,0.6,2.31,0.2,No
2/1/1984,1984,FEB,JFM 1984,-0.4,25.23,-0.87,26.41,0.03,26.57,-0.16,27.26,-0.84,1.9,0.91,0.73,2.51,0.9,No
3/1/1984,1984,MAR,FMA 1984,-0.3,25.72,-0.88,26.88,-0.28,26.71,-0.52,27.32,-0.91,1.2,0.6,1.08,1.97,-0.2,No
4/1/1984,1984,APR,MAM 1984,-0.4,25.28,-0.45,27.28,-0.29,27.27,-0.54,27.54,-0.97,1.1,0.37,1.41,1.72,0.3,No
5/1/1984,1984,MAY,AMJ 1984,-0.5,23.44,-1.17,26.38,-0.84,27.19,-0.69,27.94,-0.85,0.7,0.15,0.37,2.66,0.2,No
6/1/1984,1984,JUN,MJJ 1984,-0.5,22.21,-0.97,25.36,-1.29,26.68,-1.03,28.04,-0.81,0.5,-0.18,-0.36,4.29,-0.3,No
7/1/1984,1984,JUL,JJA 1984,-0.3,21.15,-0.69,25.04,-0.83,26.62,-0.68,28.34,-0.45,0.1,-0.52,-2.61,0.65,0.2,No
8/1/1984,1984,AUG,JAS 1984,-0.2,20.28,-0.57,24.64,-0.58,26.36,-0.54,28.04,-0.65,0.2,-0.54,-1.14,2.52,0.4,No
9/1/1984,1984,SEP,ASO 1984,-0.2,20.2,-0.38,24.72,-0.29,26.35,-0.41,28.22,-0.45,0.3,-0.28,-0.02,0.59,0.1,No
10/1/1984,1984,OCT,SON 1984,-0.6,20.45,-0.43,24.18,-0.9,26.02,-0.75,28.02,-0.67,0.2,0.19,-0.53,4.93,-0.3,No
11/1/1984,1984,NOV,OND 1984,-0.9,21.42,-0.21,24.15,-1.05,25.52,-1.3,27.92,-0.75,-0.2,0.21,0.39,4.98,0.3,No
12/1/1984,1984,DEC,NDJ 1984,-1.1,22.62,-0.21,23.89,-1.37,25.16,-1.48,27.45,-1.0,0.1,0.26,-1.9,4.77,-0.1,No
1/1/1985,1985,JAN,DJF 1985,-1.0,23.59,-0.93,24.28,-1.39,25.26,-1.3,27.39,-0.83,0.2,0.37,1.44,5.2,-0.3,No
2/1/1985,1985,FEB,JFM 1985,-0.9,24.79,-1.3,25.24,-1.14,25.81,-0.92,27.53,-0.57,1.2,0.15,-0.99,0.8,1.2,No
3/1/1985,1985,MAR,FMA 1985,-0.8,25.66,-0.95,26.21,-0.96,26.35,-0.89,27.23,-0.99,-0.7,-0.51,-1.19,0.47,0.8,No
4/1/1985,1985,APR,MAM 1985,-0.8,24.3,-1.43,26.64,-0.94,26.71,-1.1,27.42,-1.09,0.8,-0.57,-1.27,1.14,1.2,No
5/1/1985,1985,MAY,AMJ 1985,-0.8,22.72,-1.89,25.99,-1.22,26.81,-1.08,27.71,-1.08,1.1,-0.76,-0.82,2.28,0.4,No
6/1/1985,1985,JUN,MJJ 1985,-0.6,21.83,-1.35,25.45,-1.19,26.63,-1.08,27.88,-0.96,0.5,-1.24,1.28,3.53,-0.4,No
7/1/1985,1985,JUL,JJA 1985,-0.5,20.46,-1.37,24.73,-1.14,26.5,-0.8,28.05,-0.74,0.3,-1.45,-0.19,4.75,-0.1,No
8/1/1985,1985,AUG,JAS 1985,-0.5,19.6,-1.26,24.24,-0.98,26.27,-0.63,28.09,-0.6,0.4,-1.34,-0.53,3.23,1.0,No
9/1/1985,1985,SEP,ASO 1985,-0.4,19.23,-1.35,24.04,-0.97,25.99,-0.77,28.08,-0.6,0.0,-1.5,-0.63,9.4,0.0,No
10/1/1985,1985,OCT,SON 1985,-0.4,19.76,-1.11,24.11,-0.98,26.03,-0.74,28.11,-0.57,0.2,-1.38,-1.5,6.62,-0.4,No
11/1/1985,1985,NOV,OND 1985,-0.3,20.83,-0.79,24.29,-0.91,26.23,-0.59,28.3,-0.37,-0.1,-0.95,-1.83,3.42,-0.2,No
12/1/1985,1985,DEC,NDJ 1985,-0.4,22.34,-0.5,24.39,-0.88,26.05,-0.59,28.1,-0.34,0.1,-0.62,1.08,3.86,0.2,No
1/1/1986,1986,JAN,DJF 1986,-0.5,24.5,-0.02,24.8,-0.87,25.84,-0.72,27.7,-0.52,0.2,-0.56,0.6,6.5,1.0,Yes
2/1/1986,1986,FEB,JFM 1986,-0.5,25.88,-0.22,25.8,-0.58,25.95,-0.78,27.73,-0.37,0.9,-0.46,0.41,0.64,-1.0,Yes
3/1/1986,1986,MAR,FMA 1986,-0.3,25.91,-0.69,26.74,-0.42,26.64,-0.6,27.94,-0.29,1.1,-0.52,0.51,1.2,0.5,Yes
4/1/1986,1986,APR,MAM 1986,-0.2,24.82,-0.91,27.04,-0.53,27.29,-0.52,27.83,-0.68,0.4,-0.97,-0.15,0.89,0.3,Yes
5/1/1986,1986,MAY,AMJ 1986,-0.1,23.34,-1.27,26.44,-0.77,27.32,-0.56,28.35,-0.44,0.4,-1.4,-0.03,2.04,-0.2,Yes
6/1/1986,1986,JUN,MJJ 1986,0.0,22.16,-1.02,26.15,-0.49,27.38,-0.33,28.6,-0.24,-0.2,-1.53,0.39,5.34,1.0,Yes
7/1/1986,1986,JUL,JJA 1986,0.2,21.22,-0.61,25.78,-0.09,27.26,-0.04,28.5,-0.29,-0.2,-1.73,-0.35,5.03,0.3,Yes
8/1/1986,1986,AUG,JAS 1986,0.4,20.72,-0.14,25.12,-0.1,27.09,0.19,28.68,-0.01,0.2,-1.86,-1.49,5.52,-0.4,Yes
9/1/1986,1986,SEP,ASO 1986,0.7,20.47,-0.11,25.3,0.29,27.16,0.4,28.83,0.15,-1.0,-1.77,-0.28,5.89,-0.5,Yes
10/1/1986,1986,OCT,SON 1986,0.9,21.0,0.12,25.43,0.34,27.28,0.51,28.91,0.23,-0.8,-1.69,1.18,9.43,0.6,Yes
11/1/1986,1986,NOV,OND 1986,1.1,21.62,-0.01,25.74,0.54,27.36,0.54,28.97,0.3,-1.5,-1.62,-0.71,8.99,-1.2,Yes
12/1/1986,1986,DEC,NDJ 1986,1.2,22.96,0.12,25.86,0.6,27.47,0.82,28.64,0.19,-2.4,-1.32,1.06,1.63,-1.4,Yes
1/1/1987,1987,JAN,DJF 1987,1.2,25.06,0.54,26.48,0.81,27.51,0.94,28.48,0.26,-2.3,-0.98,0.63,0.97,-0.7,Yes
2/1/1987,1987,FEB,JFM 1987,1.2,26.75,0.66,27.16,0.78,27.55,0.82,28.41,0.31,-2.3,-0.58,0.57,1.73,-1.2,Yes
3/1/1987,1987,MAR,FMA 1987,1.1,27.54,0.94,27.96,0.8,28.12,0.89,28.7,0.47,-1.3,-0.22,0.85,0.52,-1.3,Yes
4/1/1987,1987,APR,MAM 1987,1.0,26.6,0.87,28.14,0.57,28.25,0.45,28.77,0.26,-1.3,-0.19,1.54,0.08,-1.4,Yes
5/1/1987,1987,MAY,AMJ 1987,1.0,25.45,0.84,27.83,0.62,28.2,0.32,28.85,0.06,-1.9,-0.29,-1.02,0.75,-1.3,Yes
6/1/1987,1987,JUN,MJJ 1987,1.2,23.83,0.66,27.15,0.51,28.42,0.72,29.18,0.34,-1.2,-0.5,0.56,2.59,-1.1,Yes
7/1/1987,1987,JUL,JJA 1987,1.5,22.53,0.7,26.87,0.99,28.34,1.04,29.08,0.29,-2.2,-0.84,-0.43,6.65,-1.4,Yes
8/1/1987,1987,AUG,JAS 1987,1.7,21.58,0.72,26.28,1.06,28.1,1.2,29.04,0.35,-1.6,-1.01,0.74,5.65,-0.9,Yes
9/1/1987,1987,SEP,ASO 1987,1.7,21.29,0.71,26.38,1.37,28.08,1.32,29.01,0.33,-0.6,-1.19,-2.6,4.04,-1.0,Yes
10/1/1987,1987,OCT,SON 1987,1.5,22.17,1.29,25.96,0.88,27.74,0.97,29.31,0.63,-1.2,-1.28,0.75,5.03,-0.4,Yes
11/1/1987,1987,NOV,OND 1987,1.3,22.55,0.93,25.93,0.73,27.67,0.85,29.31,0.63,-0.7,-1.47,1.19,5.77,0.0,Yes
12/1/1987,1987,DEC,NDJ 1987,1.1,23.28,0.44,26.17,0.91,27.41,0.77,28.96,0.51,-1.3,-1.57,0.5,2.59,-0.5,Yes
1/1/1988,1988,JAN,DJF 1988,0.8,24.33,-0.19,26.2,0.53,27.23,0.67,28.72,0.5,-0.9,-1.72,0.03,0.69,-0.1,No
2/1/1988,1988,FEB,JFM 1988,0.5,25.68,-0.42,26.35,-0.03,26.95,0.22,28.4,0.31,-0.7,-1.56,1.37,1.83,-0.4,No
3/1/1988,1988,MAR,FMA 1988,0.1,25.75,-0.85,27.07,-0.1,27.29,0.06,28.15,-0.07,0.4,-1.35,0.38,1.14,0.6,No
4/1/1988,1988,APR,MAM 1988,-0.3,24.66,-1.07,26.81,-0.76,27.26,-0.55,27.91,-0.6,0.2,-1.23,1.12,2.54,0.1,No
5/1/1988,1988,MAY,AMJ 1988,-0.9,23.48,-1.13,25.54,-1.67,26.56,-1.32,28.07,-0.72,0.6,-1.02,0.61,2.03,0.9,No
6/1/1988,1988,JUN,MJJ 1988,-1.3,21.58,-1.59,24.48,-2.16,26.01,-1.7,27.89,-0.95,0.9,-0.91,1.31,5.37,0.1,No
7/1/1988,1988,JUL,JJA 1988,-1.3,20.23,-1.6,23.79,-2.08,25.57,-1.73,27.79,-1.0,0.9,-0.77,1.6,4.18,1.0,No
8/1/1988,1988,AUG,JAS 1988,-1.1,19.19,-1.66,23.62,-1.6,25.47,-1.43,27.7,-0.99,1.1,-0.45,-0.62,4.26,1.5,No
9/1/1988,1988,SEP,ASO 1988,-1.2,19.06,-1.52,24.07,-0.94,25.83,-0.93,27.91,-0.77,1.1,0.27,-0.97,6.88,1.8,No
10/1/1988,1988,OCT,SON 1988,-1.5,19.35,-1.53,23.51,-1.58,24.76,-2.01,26.93,-1.75,0.8,0.88,0.89,6.71,1.4,No
11/1/1988,1988,NOV,OND 1988,-1.8,20.41,-1.22,23.38,-1.82,24.6,-2.22,26.81,-1.87,1.2,1.61,0.11,8.02,1.7,No
12/1/1988,1988,DEC,NDJ 1988,-1.9,21.67,-1.17,23.44,-1.82,24.63,-2.01,26.67,-1.78,1.6,2.36,0.33,4.24,1.2,No
1/1/1989,1989,JAN,DJF 1989,-1.7,24.04,-0.48,24.23,-1.45,24.56,-2.0,26.36,-1.86,1.7,2.63,-1.57,3.1,1.5,No
2/1/1989,1989,FEB,JFM 1989,-1.4,25.86,-0.23,25.42,-0.96,25.26,-1.48,26.63,-1.46,1.7,2.58,-1.71,3.28,1.2,No
3/1/1989,1989,MAR,FMA 1989,-1.1,26.6,0.0,25.93,-1.23,25.8,-1.44,26.97,-1.26,1.3,2.04,-1.56,3.89,1.1,No
4/1/1989,1989,APR,MAM 1989,-0.8,25.6,-0.13,26.51,-1.06,26.49,-1.32,27.41,-1.1,0.6,1.44,-0.77,2.04,1.6,No
5/1/1989,1989,MAY,AMJ 1989,-0.6,23.36,-1.25,26.31,-0.9,26.99,-0.89,28.1,-0.69,0.4,0.66,-0.04,9.63,1.2,No
6/1/1989,1989,JUN,MJJ 1989,-0.4,22.03,-1.15,26.25,-0.39,27.03,-0.67,27.79,-1.05,0.6,0.1,-0.56,10.35,0.7,No
7/1/1989,1989,JUL,JJA 1989,-0.3,21.14,-0.7,25.35,-0.52,26.73,-0.57,27.96,-0.83,0.4,-0.4,-0.59,6.43,0.9,No
8/1/1989,1989,AUG,JAS 1989,-0.3,20.35,-0.51,24.57,-0.65,26.18,-0.72,27.79,-0.91,0.5,-0.42,-0.27,7.79,-0.3,No
9/1/1989,1989,SEP,ASO 1989,-0.2,19.7,-0.88,24.61,-0.4,26.25,-0.51,28.13,-0.54,0.5,-0.4,0.41,8.18,0.5,No
10/1/1989,1989,OCT,SON 1989,-0.2,20.2,-0.68,24.52,-0.57,26.22,-0.55,28.14,-0.54,0.2,-0.56,-1.08,6.66,0.8,No
11/1/1989,1989,NOV,OND 1989,-0.2,21.19,-0.43,24.5,-0.7,26.21,-0.62,27.91,-0.76,-0.6,-0.84,-0.7,4.38,-0.2,No
12/1/1989,1989,DEC,NDJ 1989,-0.1,22.26,-0.58,24.76,-0.5,26.44,-0.2,28.3,-0.15,-0.2,-1.02,0.57,1.87,-0.5,No
1/1/1990,1990,JAN,DJF 1990,0.1,23.92,-0.6,25.27,-0.4,26.45,-0.11,28.2,-0.02,-1.0,-1.31,-1.09,3.52,-0.1,No
2/1/1990,1990,FEB,JFM 1990,0.2,25.66,-0.43,26.27,-0.11,26.74,0.01,28.27,0.18,-1.0,-1.65,-2.78,0.42,-1.8,No
3/1/1990,1990,MAR,FMA 1990,0.3,26.1,-0.5,26.67,-0.5,27.05,-0.18,28.36,0.13,-1.4,-1.63,0.04,0.62,-0.4,No
4/1/1990,1990,APR,MAM 1990,0.3,25.03,-0.7,27.36,-0.21,27.74,-0.06,28.67,0.16,-0.7,-1.57,-0.62,1.13,0.2,No
5/1/1990,1990,MAY,AMJ 1990,0.3,24.0,-0.61,27.24,0.03,27.92,0.04,28.64,-0.15,0.0,-1.71,0.27,5.54,1.2,No
6/1/1990,1990,JUN,MJJ 1990,0.3,22.77,-0.4,26.46,-0.18,27.44,-0.26,28.64,-0.2,0.1,-1.81,-1.39,6.5,0.3,No
7/1/1990,1990,JUL,JJA 1990,0.3,20.93,-0.9,25.72,-0.15,27.27,-0.03,28.68,-0.11,-0.2,-1.88,-0.26,5.1,0.5,No
8/1/1990,1990,AUG,JAS 1990,0.4,20.39,-0.47,25.16,-0.06,26.99,0.09,28.83,0.14,-0.7,-2.17,1.76,5.39,-0.2,No
9/1/1990,1990,SEP,ASO 1990,0.4,19.98,-0.6,25.0,-0.01,26.73,-0.03,28.76,0.08,-0.7,-2.4,-0.46,6.98,-0.7,No
10/1/1990,1990,OCT,SON 1990,0.4,20.08,-0.79,24.91,-0.17,26.95,0.18,28.96,0.28,-0.1,-2.38,-0.91,5.85,0.3,No
11/1/1990,1990,NOV,OND 1990,0.4,20.73,-0.9,24.84,-0.36,26.73,-0.09,28.82,0.15,-0.5,-2.44,-1.66,11.49,-0.5,No
12/1/1990,1990,DEC,NDJ 1990,0.4,22.12,-0.72,25.18,-0.08,26.86,0.22,28.84,0.39,-0.5,-2.36,-1.62,1.82,-0.2,No
1/1/1991,1991,JAN,DJF 1991,0.4,23.73,-0.78,25.63,-0.05,26.89,0.33,28.62,0.4,-0.4,-2.11,0.2,2.32,0.6,Yes
2/1/1991,1991,FEB,JFM 1991,0.3,25.7,-0.4,26.28,-0.1,26.87,0.14,28.4,0.3,-0.6,-2.09,1.13,1.62,0.3,Yes
3/1/1991,1991,MAR,FMA 1991,0.2,26.32,-0.28,26.96,-0.2,27.16,-0.08,28.38,0.15,-0.4,-2.0,-1.21,1.26,-0.7,Yes
4/1/1991,1991,APR,MAM 1991,0.3,25.21,-0.52,27.39,-0.19,27.89,0.08,28.73,0.22,0.0,-1.79,0.38,2.72,-0.6,Yes
5/1/1991,1991,MAY,AMJ 1991,0.5,24.65,0.04,27.44,0.22,28.13,0.25,29.18,0.39,-0.1,-1.77,-0.63,2.73,-1.0,Yes
6/1/1991,1991,JUN,MJJ 1991,0.6,23.07,-0.11,27.23,0.58,28.1,0.39,29.05,0.21,-0.2,-1.84,-0.92,6.22,-0.1,Yes
7/1/1991,1991,JUL,JJA 1991,0.7,22.06,0.23,26.43,0.56,27.77,0.47,28.95,0.17,-0.5,-1.67,0.28,7.78,0.0,Yes
8/1/1991,1991,AUG,JAS 1991,0.6,20.98,0.12,25.55,0.33,27.5,0.6,29.07,0.38,-1.0,-1.71,-0.28,5.76,-0.4,Yes
9/1/1991,1991,SEP,ASO 1991,0.6,20.72,0.14,25.12,0.11,27.07,0.31,28.85,0.17,-0.7,-1.66,1.15,3.13,-1.5,Yes
10/1/1991,1991,OCT,SON 1991,0.8,21.09,0.22,25.36,0.27,27.41,0.64,29.31,0.63,-0.6,-1.66,-2.35,7.23,-1.0,Yes
11/1/1991,1991,NOV,OND 1991,1.2,21.92,0.29,25.93,0.73,27.71,0.89,29.12,0.44,-2.5,-1.66,0.22,3.26,-0.7,Yes
12/1/1991,1991,DEC,NDJ 1991,1.5,23.13,0.29,26.3,1.03,28.14,1.5,29.21,0.77,-1.8,-1.63,0.17,1.17,-1.8,Yes
1/1/1992,1992,JAN,DJF 1992,1.7,24.59,0.07,26.86,1.18,28.23,1.67,28.8,0.58,-2.2,-1.36,0.99,0.76,-2.9,Yes
2/1/1992,1992,FEB,JFM 1992,1.6,26.25,0.15,27.34,0.96,28.28,1.55,28.76,0.67,-1.3,-0.95,0.09,0.28,-0.9,Yes
3/1/1992,1992,MAR,FMA 1992,1.5,27.38,0.78,27.87,0.71,28.39,1.16,28.83,0.6,-2.0,-0.48,0.46,0.16,-2.0,Yes
4/1/1992,1992,APR,MAM 1992,1.3,27.17,1.44,28.46,0.89,28.81,1.0,29.03,0.52,-1.6,-0.28,-0.29,0.2,-1.0,Yes
5/1/1992,1992,MAY,AMJ 1992,1.1,26.09,1.47,28.28,1.07,28.79,0.91,29.12,0.33,-1.8,-0.36,1.2,1.47,0.3,Yes
6/1/1992,1992,JUN,MJJ 1992,0.7,23.66,0.48,27.12,0.47,28.12,0.42,29.01,0.17,-1.0,-0.56,1.36,5.47,-0.6,Yes
7/1/1992,1992,JUL,JJA 1992,0.4,21.44,-0.39,25.65,-0.22,27.45,0.15,29.12,0.33,-0.4,-0.99,0.38,10.07,-0.6,Yes
8/1/1992,1992,AUG,JAS 1992,0.1,20.67,-0.18,24.98,-0.24,26.82,-0.08,28.65,-0.04,-0.2,-1.28,-0.37,4.46,0.4,Yes
9/1/1992,1992,SEP,ASO 1992,-0.1,20.37,-0.21,24.82,-0.19,26.6,-0.16,28.65,-0.03,0.0,-1.32,-1.13,4.52,0.1,Yes
10/1/1992,1992,OCT,SON 1992,-0.3,20.99,0.12,24.66,-0.42,26.27,-0.5,28.45,-0.24,-0.5,-1.22,0.4,7.74,-1.4,Yes
11/1/1992,1992,NOV,OND 1992,-0.3,21.37,-0.26,24.97,-0.23,26.64,-0.18,28.37,-0.3,-1.1,-1.15,0.8,2.64,-0.7,Yes
12/1/1992,1992,DEC,NDJ 1992,-0.1,22.41,-0.43,25.1,-0.17,26.78,0.14,28.48,0.03,-1.5,-0.88,-1.53,2.87,-0.6,Yes
1/1/1993,1993,JAN,DJF 1993,0.1,24.25,-0.27,25.66,-0.01,26.73,0.16,28.32,0.09,-0.7,-0.82,-1.48,1.9,-0.9,No
2/1/1993,1993,FEB,JFM 1993,0.3,26.12,0.03,26.69,0.31,27.07,0.34,28.1,0.0,-1.6,-0.67,0.44,5.75,-0.7,No
3/1/1993,1993,MAR,FMA 1993,0.5,26.84,0.23,27.38,0.22,27.46,0.23,28.29,0.07,-1.0,-0.42,0.94,1.83,-0.5,No
4/1/1993,1993,APR,MAM 1993,0.7,26.23,0.5,28.02,0.44,28.13,0.32,28.51,0.0,-2.0,-0.27,1.26,1.86,-1.2,No
5/1/1993,1993,MAY,AMJ 1993,0.7,25.16,0.54,28.05,0.84,28.53,0.65,28.79,0.0,-1.5,-0.48,2.43,1.27,-0.3,No
6/1/1993,1993,JUN,MJJ 1993,0.6,23.53,0.36,26.82,0.18,27.86,0.15,28.76,-0.08,-1.4,-0.63,0.66,3.52,-0.8,No
7/1/1993,1993,JUL,JJA 1993,0.3,22.06,0.23,26.04,0.17,27.51,0.22,28.8,0.02,-1.3,-0.85,-0.28,7.13,-0.8,No
8/1/1993,1993,AUG,JAS 1993,0.3,20.98,0.13,25.25,0.03,26.86,-0.04,28.67,-0.02,-0.6,-1.03,-0.17,6.73,-0.9,No
9/1/1993,1993,SEP,ASO 1993,0.2,20.88,0.3,25.16,0.15,27.0,0.24,28.83,0.16,-0.9,-1.19,-0.97,8.42,-0.7,No
10/1/1993,1993,OCT,SON 1993,0.1,21.19,0.32,25.28,0.2,26.96,0.19,28.66,-0.02,-1.5,-1.17,-0.17,7.13,-1.1,No
11/1/1993,1993,NOV,OND 1993,0.0,21.64,0.01,25.21,0.01,26.9,0.08,28.76,0.08,-0.1,-1.16,-0.35,5.74,-0.1,No
12/1/1993,1993,DEC,NDJ 1993,0.1,22.46,-0.37,25.25,-0.02,26.74,0.1,28.74,0.29,-0.7,-1.01,0.42,9.31,0.2,No
1/1/1994,1994,JAN,DJF 1994,0.1,24.31,-0.2,25.75,0.08,26.58,0.02,28.31,0.09,-0.1,-1.2,-0.8,2.41,-0.1,No
2/1/1994,1994,FEB,JFM 1994,0.1,25.76,-0.34,26.19,-0.19,26.65,-0.08,27.89,-0.2,0.6,-1.4,-1.27,3.76,0.3,No
3/1/1994,1994,MAR,FMA 1994,0.2,25.54,-1.06,26.86,-0.3,27.38,0.15,28.28,0.06,0.3,-1.61,0.23,2.94,-0.7,No
4/1/1994,1994,APR,MAM 1994,0.3,24.51,-1.22,27.01,-0.56,27.88,0.08,28.4,-0.11,-0.3,-1.85,-0.7,5.65,-1.3,No
5/1/1994,1994,MAY,AMJ 1994,0.4,23.52,-1.1,26.95,-0.26,28.0,0.12,28.98,0.19,-0.1,-2.34,0.48,3.5,-0.7,No
6/1/1994,1994,JUN,MJJ 1994,0.4,22.42,-0.75,26.42,-0.23,27.84,0.13,29.03,0.19,0.1,-2.75,-1.36,13.02,-0.4,No
7/1/1994,1994,JUL,JJA 1994,0.4,21.22,-0.61,25.26,-0.61,27.29,-0.01,29.25,0.47,-0.3,-2.8,-0.06,4.54,-1.3,No
8/1/1994,1994,AUG,JAS 1994,0.4,19.89,-0.96,24.87,-0.35,27.3,0.4,29.31,0.61,-0.6,-2.61,-1.38,8.24,-1.2,No
9/1/1994,1994,SEP,ASO 1994,0.6,20.06,-0.52,24.9,-0.11,27.04,0.28,29.05,0.38,-1.0,-2.5,-2.02,7.01,-1.6,No
10/1/1994,1994,OCT,SON 1994,0.7,21.56,0.69,25.58,0.49,27.37,0.6,29.19,0.5,-0.6,-2.19,-0.09,5.93,-1.1,No
11/1/1994,1994,NOV,OND 1994,1.0,22.26,0.63,25.93,0.73,27.73,0.91,29.25,0.58,-1.4,-1.66,-1.61,2.11,-0.6,No
12/1/1994,1994,DEC,NDJ 1994,1.1,23.46,0.62,26.07,0.8,27.79,1.15,29.16,0.71,-2.8,-1.49,0.39,3.1,-1.2,No
1/1/1995,1995,JAN,DJF 1995,1.0,25.04,0.52,26.17,0.5,27.32,0.75,28.76,0.54,-1.7,-1.73,0.2,3.6,-0.4,No
2/1/1995,1995,FEB,JFM 1995,0.7,26.17,0.07,26.75,0.37,27.37,0.64,28.8,0.71,-0.6,-1.91,0.68,1.59,-0.1,No
3/1/1995,1995,MAR,FMA 1995,0.5,26.3,-0.3,26.97,-0.2,27.53,0.3,28.81,0.59,0.0,-2.19,0.03,3.39,0.8,No
4/1/1995,1995,APR,MAM 1995,0.3,24.65,-1.08,27.0,-0.57,27.87,0.07,28.88,0.36,0.2,-2.3,0.04,1.19,-0.7,No
5/1/1995,1995,MAY,AMJ 1995,0.1,23.37,-1.24,26.4,-0.82,27.67,-0.21,29.05,0.26,0.2,-2.26,0.09,3.19,-0.4,No
6/1/1995,1995,JUN,MJJ 1995,0.0,22.44,-0.73,26.03,-0.61,27.35,-0.36,28.9,0.06,0.4,-2.0,0.9,6.51,0.1,No
7/1/1995,1995,JUL,JJA 1995,-0.2,21.34,-0.5,25.51,-0.36,27.09,-0.21,28.71,-0.08,0.4,-1.53,-0.74,10.54,0.4,No
8/1/1995,1995,AUG,JAS 1995,-0.5,20.14,-0.71,24.44,-0.78,26.33,-0.57,28.48,-0.21,0.7,-1.01,-0.33,8.19,0.3,No
9/1/1995,1995,SEP,ASO 1995,-0.8,20.23,-0.35,24.16,-0.85,26.1,-0.66,28.36,-0.32,0.4,-0.57,1.22,10.93,0.3,No
10/1/1995,1995,OCT,SON 1995,-1.0,20.05,-0.82,24.18,-0.9,25.82,-0.94,28.11,-0.57,0.9,-0.34,0.11,6.34,0.0,No
11/1/1995,1995,NOV,OND 1995,-1.0,21.53,-0.1,24.18,-1.01,25.81,-1.01,28.05,-0.63,0.8,-0.19,-0.73,5.31,0.0,No
12/1/1995,1995,DEC,NDJ 1995,-1.0,21.97,-0.86,24.31,-0.96,25.73,-0.91,27.96,-0.48,1.0,-0.03,0.62,9.99,-0.5,No
1/1/1996,1996,JAN,DJF 1996,-0.9,23.83,-0.69,24.96,-0.71,25.74,-0.83,27.75,-0.48,1.7,0.04,-0.68,5.79,1.0,No
2/1/1996,1996,FEB,JFM 1996,-0.8,25.6,-0.49,25.72,-0.66,25.96,-0.77,27.48,-0.62,1.6,-0.37,-0.7,6.01,0.3,No
3/1/1996,1996,MAR,FMA 1996,-0.6,26.15,-0.45,26.66,-0.5,26.58,-0.66,27.62,-0.61,1.1,-0.6,-0.75,1.35,1.1,No
4/1/1996,1996,APR,MAM 1996,-0.4,24.09,-1.64,26.63,-0.94,27.32,-0.49,28.01,-0.5,0.4,-0.91,0.51,5.0,0.8,No
5/1/1996,1996,MAY,AMJ 1996,-0.3,23.28,-1.34,26.36,-0.85,27.37,-0.51,28.41,-0.38,0.4,-1.53,0.37,4.71,0.3,No
6/1/1996,1996,JUN,MJJ 1996,-0.3,21.86,-1.31,25.87,-0.78,27.23,-0.48,28.45,-0.39,0.5,-1.98,-1.18,9.17,1.2,No
7/1/1996,1996,JUL,JJA 1996,-0.3,20.49,-1.34,25.22,-0.65,26.93,-0.37,28.37,-0.42,0.5,-2.02,0.18,7.57,0.7,No
8/1/1996,1996,AUG,JAS 1996,-0.3,19.75,-1.11,24.68,-0.54,26.59,-0.31,28.44,-0.26,0.5,-1.96,-0.93,5.57,0.7,No
9/1/1996,1996,SEP,ASO 1996,-0.4,19.5,-1.08,24.46,-0.55,26.41,-0.35,28.36,-0.32,0.6,-1.89,-0.27,5.86,0.6,No
10/1/1996,1996,OCT,SON 1996,-0.4,20.14,-0.73,24.4,-0.68,26.22,-0.55,28.34,-0.35,0.5,-1.73,-0.67,7.95,0.6,No
11/1/1996,1996,NOV,OND 1996,-0.5,20.34,-1.29,24.56,-0.64,26.39,-0.43,28.24,-0.43,0.5,-1.66,-0.44,10.17,-0.1,No
12/1/1996,1996,DEC,NDJ 1996,-0.5,21.67,-1.16,24.2,-1.06,26.04,-0.6,28.31,-0.14,0.7,-1.51,-1.53,4.57,0.9,No
1/1/1997,1997,JAN,DJF 1997,-0.5,23.58,-0.93,24.69,-0.98,25.95,-0.61,28.12,-0.1,0.5,-1.35,0.16,4.13,0.5,Yes
2/1/1997,1997,FEB,JFM 1997,-0.4,25.64,-0.45,25.66,-0.72,26.34,-0.39,28.22,0.12,0.5,-1.15,0.45,3.22,1.7,Yes
3/1/1997,1997,MAR,FMA 1997,-0.1,26.83,0.23,26.73,-0.44,26.88,-0.36,28.35,0.13,-1.0,-0.54,-1.56,3.02,-0.4,Yes
4/1/1997,1997,APR,MAM 1997,0.3,26.53,0.8,27.26,-0.31,27.7,-0.11,29.0,0.48,-1.2,0.3,0.29,0.76,-0.6,Yes
5/1/1997,1997,MAY,AMJ 1997,0.8,26.44,1.83,27.67,0.46,28.28,0.4,29.21,0.42,-1.7,1.06,0.77,4.18,-1.3,Yes
6/1/1997,1997,JUN,MJJ 1997,1.2,25.97,2.79,27.85,1.21,28.52,0.81,29.04,0.2,-0.9,1.78,-0.25,6.76,-1.4,Yes
7/1/1997,1997,JUL,JJA 1997,1.6,25.42,3.59,27.65,1.77,28.57,1.27,29.19,0.4,-1.5,2.51,0.1,10.18,-0.8,Yes
8/1/1997,1997,AUG,JAS 1997,1.9,24.57,3.71,27.54,2.32,28.58,1.68,29.03,0.33,-1.7,2.83,-0.55,3.94,-1.4,Yes
9/1/1997,1997,SEP,ASO 1997,2.1,24.21,3.63,27.53,2.52,28.6,1.84,29.23,0.56,-1.4,2.94,0.22,8.42,-1.4,Yes
10/1/1997,1997,OCT,SON 1997,2.3,24.44,3.57,27.78,2.69,28.73,1.96,28.99,0.3,-2.6,3.09,-0.12,6.67,-1.5,Yes
11/1/1997,1997,NOV,OND 1997,2.4,25.36,3.73,28.23,3.04,28.93,2.11,29.29,0.61,-0.6,3.04,0.86,3.54,-1.2,Yes
12/1/1997,1997,DEC,NDJ 1997,2.4,26.57,3.73,28.33,3.07,28.74,2.1,28.89,0.44,-1.5,2.86,0.85,2.25,-1.0,Yes
1/1/1998,1998,JAN,DJF 1998,2.2,27.4,2.88,28.42,2.75,28.59,2.03,28.67,0.44,-0.7,2.72,0.3,0.76,-2.7,Yes
2/1/1998,1998,FEB,JFM 1998,1.9,28.01,1.91,28.57,2.19,28.47,1.74,28.62,0.52,-0.3,2.87,0.89,0.18,-2.0,Yes
3/1/1998,1998,MAR,FMA 1998,1.4,28.51,1.91,28.81,1.64,28.42,1.18,28.49,0.27,0.1,3.05,0.69,0.15,-2.4,Yes
4/1/1998,1998,APR,MAM 1998,1.0,28.07,2.34,28.77,1.2,28.3,0.5,28.39,-0.12,1.0,2.98,0.85,0.04,-1.4,Yes
5/1/1998,1998,MAY,AMJ 1998,0.5,27.46,2.84,28.27,1.06,28.33,0.45,28.56,-0.23,-0.3,3.16,-1.87,1.5,0.3,Yes
6/1/1998,1998,JUN,MJJ 1998,-0.1,25.09,1.92,26.37,-0.27,26.96,-0.75,28.36,-0.48,-0.1,3.21,0.09,4.6,1.0,Yes
7/1/1998,1998,JUL,JJA 1998,-0.8,23.47,1.64,25.49,-0.38,26.15,-1.15,28.02,-0.77,0.5,2.76,1.67,6.19,1.2,Yes
8/1/1998,1998,AUG,JAS 1998,-1.1,21.98,1.12,24.78,-0.43,25.7,-1.2,27.79,-0.9,0.6,2.45,-0.6,6.54,1.2,Yes
9/1/1998,1998,SEP,ASO 1998,-1.3,21.11,0.53,24.38,-0.63,25.73,-1.03,27.91,-0.77,0.9,2.37,0.42,6.64,1.0,Yes
10/1/1998,1998,OCT,SON 1998,-1.4,21.66,0.79,24.18,-0.91,25.43,-1.34,27.27,-1.41,0.8,2.26,0.77,7.38,1.1,Yes
11/1/1998,1998,NOV,OND 1998,-1.5,21.45,-0.17,24.47,-0.73,25.51,-1.31,27.24,-1.43,1.0,2.23,0.7,10.05,1.0,Yes
12/1/1998,1998,DEC,NDJ 1998,-1.6,23.08,0.24,24.12,-1.15,24.91,-1.73,26.96,-1.48,1.3,2.48,-0.39,5.02,1.4,Yes
1/1/1999,1999,JAN,DJF 1999,-1.6,23.82,-0.69,24.52,-1.15,24.98,-1.58,26.55,-1.67,1.8,2.45,-0.44,9.82,1.8,No
2/1/1999,1999,FEB,JFM 1999,-1.3,25.67,-0.42,25.64,-0.74,25.63,-1.1,26.62,-1.48,1.3,2.1,-0.46,9.61,1.0,No
3/1/1999,1999,MAR,FMA 1999,-1.1,26.61,0.01,26.82,-0.35,26.34,-0.89,26.89,-1.34,1.5,1.7,0.38,6.38,1.3,No
4/1/1999,1999,APR,MAM 1999,-1.0,24.21,-1.52,26.74,-0.83,26.81,-0.99,27.22,-1.29,1.0,1.14,0.05,7.41,1.4,No
5/1/1999,1999,MAY,AMJ 1999,-1.0,23.79,-0.82,26.57,-0.64,26.96,-0.92,27.8,-0.99,0.7,0.45,-0.05,7.68,0.2,No
6/1/1999,1999,JUN,MJJ 1999,-1.0,22.35,-0.83,25.84,-0.8,26.62,-1.08,27.96,-0.89,0.5,-0.1,0.43,7.0,0.3,No
7/1/1999,1999,JUL,JJA 1999,-1.1,21.04,-0.79,25.01,-0.87,26.27,-1.03,27.7,-1.09,0.2,-0.31,-0.92,9.79,0.5,No
8/1/1999,1999,AUG,JAS 1999,-1.1,20.03,-0.83,24.26,-0.96,25.68,-1.22,27.74,-0.95,0.7,-0.37,1.95,10.26,0.4,No
9/1/1999,1999,SEP,ASO 1999,-1.2,19.64,-0.94,23.89,-1.12,25.73,-1.03,27.77,-0.91,1.0,-0.2,0.33,7.1,-0.1,No
10/1/1999,1999,OCT,SON 1999,-1.3,20.13,-0.74,23.75,-1.34,25.58,-1.19,27.84,-0.85,0.9,0.15,0.62,7.32,1.0,No
11/1/1999,1999,NOV,OND 1999,-1.5,20.66,-0.96,23.63,-1.57,25.19,-1.63,27.54,-1.13,0.7,0.48,0.45,9.01,1.0,No
12/1/1999,1999,DEC,NDJ 1999,-1.7,22.17,-0.67,23.68,-1.59,24.99,-1.65,27.21,-1.23,1.8,1.07,-0.09,9.24,1.4,No
1/1/2000,2000,JAN,DJF 2000,-1.7,23.93,-0.59,24.0,-1.67,24.8,-1.77,27.02,-1.2,1.7,1.45,-1.7,3.03,0.7,No
2/1/2000,2000,FEB,JFM 2000,-1.4,25.71,-0.39,25.38,-1.0,25.21,-1.52,26.69,-1.41,2.2,1.83,1.2,8.26,1.7,No
3/1/2000,2000,MAR,FMA 2000,-1.1,25.88,-0.72,26.56,-0.61,26.11,-1.13,26.73,-1.49,1.8,1.86,0.95,6.19,1.3,No
4/1/2000,2000,APR,MAM 2000,-0.8,25.94,0.21,27.38,-0.19,26.91,-0.9,27.29,-1.22,1.1,1.49,-0.58,3.78,1.2,No
5/1/2000,2000,MAY,AMJ 2000,-0.7,23.97,-0.64,26.66,-0.56,26.91,-0.97,27.65,-1.14,0.4,0.78,-0.16,5.98,0.4,No
6/1/2000,2000,JUN,MJJ 2000,-0.6,22.69,-0.49,25.91,-0.73,27.01,-0.7,28.3,-0.55,0.8,0.17,-1.19,11.62,-0.2,No
7/1/2000,2000,JUL,JJA 2000,-0.6,20.78,-1.05,25.07,-0.8,26.57,-0.73,28.21,-0.57,0.8,-0.47,-2.55,8.91,-0.2,No
8/1/2000,2000,AUG,JAS 2000,-0.5,19.85,-1.01,24.64,-0.58,26.39,-0.51,28.14,-0.55,-0.1,-0.71,-0.51,7.94,0.7,No
9/1/2000,2000,SEP,ASO 2000,-0.6,20.01,-0.57,24.55,-0.46,26.24,-0.52,28.34,-0.33,0.5,-0.8,-1.21,5.43,0.9,No
10/1/2000,2000,OCT,SON 2000,-0.6,20.38,-0.5,24.51,-0.57,26.06,-0.71,28.02,-0.66,0.4,-0.38,0.44,11.78,1.1,No
11/1/2000,2000,NOV,OND 2000,-0.8,20.65,-0.97,24.29,-0.91,25.92,-0.9,28.0,-0.67,0.7,-0.1,0.7,7.11,1.8,No
12/1/2000,2000,DEC,NDJ 2000,-0.7,22.43,-0.41,24.55,-0.72,25.59,-1.05,27.29,-1.16,1.0,0.36,0.92,6.24,0.8,No
1/1/2001,2001,JAN,DJF 2001,-0.7,24.15,-0.37,25.25,-0.43,25.81,-0.76,27.31,-0.91,1.5,0.79,1.29,3.54,1.0,No
2/1/2001,2001,FEB,JFM 2001,-0.5,25.71,-0.38,26.17,-0.21,26.18,-0.56,27.1,-0.99,0.6,1.25,-0.51,3.36,1.7,No
3/1/2001,2001,MAR,FMA 2001,-0.4,26.94,0.34,27.27,0.1,26.86,-0.37,27.5,-0.73,0.8,0.85,0.39,4.26,0.9,No
4/1/2001,2001,APR,MAM 2001,-0.3,26.26,0.53,27.35,-0.22,27.24,-0.56,27.91,-0.6,0.0,0.24,-0.7,1.86,0.2,No
5/1/2001,2001,MAY,AMJ 2001,-0.3,24.26,-0.35,26.99,-0.22,27.42,-0.46,28.38,-0.41,-0.2,-0.57,-0.01,7.32,-0.5,No
6/1/2001,2001,JUN,MJJ 2001,-0.1,22.49,-0.69,26.42,-0.23,27.55,-0.16,28.58,-0.27,0.0,-1.5,-0.89,9.57,0.3,No
7/1/2001,2001,JUL,JJA 2001,-0.1,21.25,-0.58,25.5,-0.37,27.19,-0.11,28.94,0.15,0.0,-2.45,-0.36,8.6,-0.2,No
8/1/2001,2001,AUG,JAS 2001,-0.1,20.31,-0.55,24.86,-0.35,26.81,-0.09,28.77,0.07,-0.4,-2.85,-0.14,5.31,-0.4,No
9/1/2001,2001,SEP,ASO 2001,-0.2,19.81,-0.77,24.51,-0.5,26.58,-0.19,29.06,0.39,0.3,-2.86,0.04,6.15,0.2,No
10/1/2001,2001,OCT,SON 2001,-0.3,19.8,-1.07,24.62,-0.47,26.52,-0.25,28.87,0.19,-0.1,-2.64,-0.08,8.96,0.0,No
11/1/2001,2001,NOV,OND 2001,-0.4,20.77,-0.85,24.35,-0.84,26.35,-0.48,28.79,0.12,-0.4,-2.67,1.03,17.91,0.7,No
12/1/2001,2001,DEC,NDJ 2001,-0.3,22.19,-0.64,24.68,-0.59,26.11,-0.53,28.36,-0.09,-1.8,-2.37,0.26,7.94,-0.8,No
1/1/2002,2002,JAN,DJF 2002,-0.2,23.94,-0.58,25.02,-0.65,26.36,-0.2,28.6,0.38,-0.2,-1.78,-0.7,3.39,0.4,Yes
2/1/2002,2002,FEB,JFM 2002,0.0,26.02,-0.07,26.03,-0.34,26.76,0.03,28.42,0.32,-1.2,-1.34,-0.11,3.99,1.1,Yes
3/1/2002,2002,MAR,FMA 2002,0.1,27.29,0.69,27.22,0.06,27.17,-0.06,28.29,0.06,-1.0,-1.29,-1.56,2.18,-0.2,Yes
4/1/2002,2002,APR,MAM 2002,0.2,26.39,0.66,27.45,-0.12,27.84,0.03,28.88,0.37,0.3,-1.33,-2.4,2.83,-0.1,Yes
5/1/2002,2002,MAY,AMJ 2002,0.4,25.35,0.74,27.38,0.16,28.07,0.19,29.29,0.5,0.1,-1.66,-0.56,3.7,-0.8,Yes
6/1/2002,2002,JUN,MJJ 2002,0.7,23.3,0.12,27.13,0.48,28.31,0.6,29.34,0.5,-0.7,-2.34,0.06,14.13,-0.2,Yes
7/1/2002,2002,JUL,JJA 2002,0.8,21.86,0.02,26.17,0.3,27.88,0.58,29.24,0.46,0.2,-2.87,0.4,6.91,-0.5,Yes
8/1/2002,2002,AUG,JAS 2002,0.9,20.71,-0.15,25.53,0.31,27.56,0.66,29.23,0.54,-1.6,-3.0,0.61,7.27,-1.0,Yes
9/1/2002,2002,SEP,ASO 2002,1.0,20.8,0.22,25.68,0.67,27.61,0.85,29.24,0.56,-1.9,-2.88,0.6,10.37,-0.6,Yes
10/1/2002,2002,OCT,SON 2002,1.2,21.64,0.77,25.75,0.66,27.79,1.02,29.25,0.57,-1.5,-2.55,-0.55,7.27,-0.4,Yes
11/1/2002,2002,NOV,OND 2002,1.3,22.81,1.19,26.29,1.09,28.03,1.2,29.5,0.83,-1.8,-2.41,1.46,4.66,-0.5,Yes
12/1/2002,2002,DEC,NDJ 2002,1.1,23.73,0.89,26.42,1.15,27.94,1.3,29.28,0.83,-1.6,-2.31,1.28,2.69,-1.1,Yes
1/1/2003,2003,JAN,DJF 2003,0.9,24.47,-0.05,26.34,0.67,27.45,0.88,28.86,0.64,-2.3,-2.52,1.01,4.51,-0.2,Yes
2/1/2003,2003,FEB,JFM 2003,0.6,26.14,0.04,26.78,0.4,27.39,0.65,28.71,0.61,-1.1,-2.64,0.68,2.45,-0.7,Yes
3/1/2003,2003,MAR,FMA 2003,0.4,26.66,0.06,27.31,0.15,27.73,0.5,28.83,0.61,-0.8,-2.91,-0.36,0.72,-0.3,Yes
4/1/2003,2003,APR,MAM 2003,0.0,24.96,-0.77,27.21,-0.36,27.67,-0.14,28.67,0.16,0.3,-3.0,-0.1,0.61,-0.1,Yes
5/1/2003,2003,MAY,AMJ 2003,-0.3,22.87,-1.74,26.3,-0.91,27.28,-0.6,28.59,-0.2,0.1,-3.04,-1.85,5.86,-0.3,Yes
6/1/2003,2003,JUN,MJJ 2003,-0.2,22.23,-0.95,26.06,-0.59,27.37,-0.34,28.86,0.02,0.8,-2.9,-0.53,8.85,-0.6,Yes
7/1/2003,2003,JUL,JJA 2003,0.1,21.39,-0.44,25.85,-0.02,27.34,0.04,28.93,0.14,-0.2,-2.72,0.73,13.81,0.3,Yes
8/1/2003,2003,AUG,JAS 2003,0.2,21.04,0.18,25.38,0.16,26.94,0.04,28.83,0.14,0.5,-2.41,-0.31,7.97,0.1,Yes
9/1/2003,2003,SEP,ASO 2003,0.3,20.31,-0.27,25.11,0.1,26.94,0.18,28.81,0.14,0.0,-2.08,0.59,9.2,-0.1,Yes
10/1/2003,2003,OCT,SON 2003,0.3,21.14,0.27,25.5,0.42,27.19,0.42,29.12,0.44,0.0,-1.74,1.23,8.79,0.0,Yes
11/1/2003,2003,NOV,OND 2003,0.4,22.07,0.44,25.52,0.32,27.03,0.21,29.08,0.41,0.5,-1.6,-1.65,4.32,-0.3,Yes
12/1/2003,2003,DEC,NDJ 2003,0.4,23.31,0.47,25.94,0.68,26.98,0.34,28.75,0.3,-0.1,-1.52,0.56,12.99,1.1,Yes
1/1/2004,2004,JAN,DJF 2004,0.4,24.79,0.28,26.14,0.47,26.78,0.22,28.54,0.31,-0.9,-1.6,-0.12,2.5,-1.3,No
2/1/2004,2004,FEB,JFM 2004,0.3,26.22,0.12,26.64,0.26,26.9,0.16,28.37,0.27,0.4,-1.57,1.12,5.05,1.2,No
3/1/2004,2004,MAR,FMA 2004,0.2,25.82,-0.78,27.11,-0.05,27.05,-0.18,28.3,0.08,-0.5,-1.91,0.0,2.73,0.4,No
4/1/2004,2004,APR,MAM 2004,0.2,25.71,-0.02,27.42,-0.15,27.76,-0.04,28.58,0.06,-0.8,-2.27,0.25,1.21,-0.9,No
5/1/2004,2004,MAY,AMJ 2004,0.2,23.65,-0.97,26.77,-0.44,27.95,0.07,28.95,0.15,0.3,-2.64,-1.46,6.17,1.0,No
6/1/2004,2004,JUN,MJJ 2004,0.3,22.24,-0.94,26.4,-0.24,27.7,0.0,28.91,0.07,-1.1,-3.0,-0.28,8.31,-0.8,No
7/1/2004,2004,JUL,JJA 2004,0.5,21.08,-0.75,25.91,0.04,27.76,0.47,29.14,0.35,0.1,-3.38,-0.33,6.85,-0.5,No
8/1/2004,2004,AUG,JAS 2004,0.6,20.23,-0.63,25.31,0.09,27.51,0.61,29.1,0.4,-0.4,-3.25,1.52,4.0,-0.3,No
9/1/2004,2004,SEP,ASO 2004,0.7,20.25,-0.33,25.27,0.26,27.43,0.67,29.32,0.65,-0.3,-2.99,-0.11,5.33,-0.3,No
10/1/2004,2004,OCT,SON 2004,0.7,21.21,0.34,25.5,0.41,27.41,0.64,29.35,0.67,-0.3,-2.73,-1.37,6.72,-0.1,No
11/1/2004,2004,NOV,OND 2004,0.7,22.51,0.89,25.75,0.55,27.41,0.59,29.31,0.64,-0.8,-2.51,0.29,3.18,-0.7,No
12/1/2004,2004,DEC,NDJ 2004,0.7,22.99,0.15,25.83,0.56,27.28,0.63,29.13,0.68,-0.1,-2.39,-0.04,3.93,-0.8,No
1/1/2005,2005,JAN,DJF 2005,0.6,24.64,0.13,25.96,0.28,27.18,0.61,29.11,0.89,-0.1,-2.6,-0.62,2.13,0.3,No
2/1/2005,2005,FEB,JFM 2005,0.6,25.52,-0.58,26.25,-0.13,26.97,0.24,28.71,0.61,-2.2,-2.61,-0.11,0.5,-3.1,No
3/1/2005,2005,MAR,FMA 2005,0.5,25.23,-1.37,26.93,-0.23,27.5,0.27,28.74,0.51,0.0,-2.41,0.56,3.0,0.3,No
4/1/2005,2005,APR,MAM 2005,0.4,25.12,-0.61,27.57,0.0,27.93,0.13,28.8,0.29,-0.5,-2.38,1.0,0.69,-0.6,No
5/1/2005,2005,MAY,AMJ 2005,0.3,24.58,-0.04,27.4,0.19,28.1,0.22,29.0,0.21,-0.2,-2.28,1.62,4.35,-0.8,No
6/1/2005,2005,JUN,MJJ 2005,0.1,22.51,-0.67,26.76,0.11,27.91,0.2,29.07,0.23,0.1,-1.9,0.42,7.58,0.4,No
7/1/2005,2005,JUL,JJA 2005,-0.1,21.43,-0.4,25.98,0.11,27.37,0.08,28.92,0.13,-0.6,-1.89,-0.02,8.37,0.2,No
8/1/2005,2005,AUG,JAS 2005,-0.1,20.29,-0.57,25.44,0.22,26.96,0.06,28.71,0.02,0.3,-2.12,0.69,8.77,-0.3,No
9/1/2005,2005,SEP,ASO 2005,-0.1,19.9,-0.68,24.8,-0.21,26.64,-0.12,28.64,-0.04,-0.1,-2.0,1.32,8.86,0.4,No
10/1/2005,2005,OCT,SON 2005,-0.3,19.76,-1.11,24.77,-0.32,26.7,-0.07,28.74,0.06,0.0,-1.67,1.16,7.41,1.2,No
11/1/2005,2005,NOV,OND 2005,-0.6,20.36,-1.27,24.22,-0.98,26.29,-0.54,28.56,-0.12,0.4,-1.26,-0.74,5.0,-0.2,No
12/1/2005,2005,DEC,NDJ 2005,-0.8,22.12,-0.71,24.05,-1.21,25.84,-0.8,28.26,-0.18,0.8,-0.48,1.07,13.08,0.0,No
1/1/2006,2006,JAN,DJF 2006,-0.9,24.41,-0.11,24.85,-0.82,25.64,-0.93,27.66,-0.56,0.8,0.15,-0.1,4.73,1.7,Yes
2/1/2006,2006,FEB,JFM 2006,-0.8,26.68,0.58,26.11,-0.27,26.06,-0.67,27.37,-0.73,0.4,0.07,-0.44,6.96,0.1,Yes
3/1/2006,2006,MAR,FMA 2006,-0.6,26.32,-0.28,26.59,-0.57,26.57,-0.66,27.74,-0.49,1.1,-0.1,-0.56,3.62,1.8,Yes
4/1/2006,2006,APR,MAM 2006,-0.4,24.52,-1.21,27.27,-0.3,27.52,-0.28,28.17,-0.34,0.3,-0.6,0.2,3.08,1.1,Yes
5/1/2006,2006,MAY,AMJ 2006,-0.1,24.17,-0.44,27.16,-0.05,27.82,-0.06,28.65,-0.14,0.7,-1.17,-1.03,3.33,-0.5,Yes
6/1/2006,2006,JUN,MJJ 2006,0.0,22.9,-0.27,26.65,0.0,27.79,0.08,29.0,0.16,-0.4,-1.5,-1.02,8.72,-0.2,Yes
7/1/2006,2006,JUL,JJA 2006,0.1,22.0,0.17,25.85,-0.02,27.28,-0.01,28.93,0.14,0.0,-1.29,1.29,6.26,-0.6,Yes
8/1/2006,2006,AUG,JAS 2006,0.3,21.61,0.75,25.61,0.39,27.23,0.33,29.11,0.42,-0.5,-1.09,-1.45,6.47,-1.0,Yes
9/1/2006,2006,SEP,ASO 2006,0.5,21.73,1.15,25.81,0.8,27.29,0.53,29.33,0.66,-0.5,-0.99,0.31,7.21,-0.6,Yes
10/1/2006,2006,OCT,SON 2006,0.8,22.48,1.6,25.88,0.79,27.42,0.65,29.32,0.63,-1.0,-1.13,-0.76,8.26,-1.3,Yes
11/1/2006,2006,NOV,OND 2006,0.9,22.82,1.2,26.08,0.88,27.67,0.85,29.51,0.84,-0.7,-1.18,-1.34,5.16,0.1,Yes
12/1/2006,2006,DEC,NDJ 2006,0.9,23.95,1.11,26.41,1.14,27.74,1.1,29.35,0.9,-0.8,-1.2,1.55,5.27,-0.3,Yes
1/1/2007,2007,JAN,DJF 2007,0.7,25.13,0.61,26.61,0.94,27.31,0.75,28.92,0.69,-1.4,-1.59,0.27,7.36,-0.8,Yes
2/1/2007,2007,FEB,JFM 2007,0.2,26.26,0.16,26.52,0.14,26.84,0.11,28.61,0.52,-0.1,-1.83,-0.42,1.56,-0.1,Yes
3/1/2007,2007,MAR,FMA 2007,-0.1,26.28,-0.33,26.71,-0.46,27.16,-0.08,28.63,0.4,0.4,-2.02,-0.12,0.83,0.2,Yes
4/1/2007,2007,APR,MAM 2007,-0.3,25.19,-0.54,27.26,-0.31,27.7,-0.1,28.66,0.15,-0.1,-2.34,0.97,2.26,-0.1,Yes
5/1/2007,2007,MAY,AMJ 2007,-0.4,23.49,-1.12,26.42,-0.79,27.45,-0.43,28.65,-0.14,0.1,-2.66,0.03,4.5,-0.1,Yes
6/1/2007,2007,JUN,MJJ 2007,-0.5,22.34,-0.83,26.19,-0.46,27.57,-0.14,28.73,-0.11,0.4,-2.7,-0.3,10.41,0.5,Yes
7/1/2007,2007,JUL,JJA 2007,-0.6,21.18,-0.65,25.24,-0.63,26.89,-0.41,28.55,-0.24,0.7,-2.57,1.65,8.98,-0.3,Yes
8/1/2007,2007,AUG,JAS 2007,-0.8,19.89,-0.97,24.2,-1.02,26.32,-0.58,28.53,-0.17,0.4,-2.31,1.96,7.12,0.4,Yes
9/1/2007,2007,SEP,ASO 2007,-1.1,19.51,-1.07,23.99,-1.02,25.9,-0.86,28.16,-0.52,0.5,-1.87,1.52,7.19,0.2,Yes
10/1/2007,2007,OCT,SON 2007,-1.3,19.28,-1.59,23.8,-1.29,25.58,-1.19,28.05,-0.63,1.0,-1.29,0.77,7.54,0.7,Yes
11/1/2007,2007,NOV,OND 2007,-1.5,19.72,-1.9,23.66,-1.54,25.4,-1.42,27.57,-1.1,0.2,-0.3,0.65,9.26,0.9,Yes
12/1/2007,2007,DEC,NDJ 2007,-1.6,21.12,-1.72,23.91,-1.36,25.47,-1.18,27.65,-0.8,1.5,0.85,-0.16,5.72,1.7,Yes
1/1/2008,2008,JAN,DJF 2008,-1.6,24.26,-0.26,24.32,-1.35,24.97,-1.59,26.78,-1.44,0.6,1.84,-1.06,9.25,1.8,No
2/1/2008,2008,FEB,JFM 2008,-1.5,26.36,0.27,25.3,-1.08,25.25,-1.49,26.71,-1.39,2.1,2.4,0.37,6.5,2.6,No
3/1/2008,2008,MAR,FMA 2008,-1.3,27.12,0.52,26.69,-0.47,26.3,-0.94,27.14,-1.09,1.9,2.67,-0.61,5.74,1.4,No
4/1/2008,2008,APR,MAM 2008,-1.0,26.05,0.32,27.28,-0.29,26.95,-0.85,27.57,-0.94,1.2,2.49,-1.18,6.87,0.7,No
5/1/2008,2008,MAY,AMJ 2008,-0.8,24.69,0.07,27.18,-0.03,27.19,-0.69,27.9,-0.9,0.9,2.02,1.25,8.09,-0.1,No
6/1/2008,2008,JUN,MJJ 2008,-0.6,23.62,0.44,26.52,-0.12,27.07,-0.64,27.99,-0.85,0.3,1.61,-1.76,10.72,0.6,No
7/1/2008,2008,JUL,JJA 2008,-0.4,22.74,0.9,26.12,0.25,27.03,-0.27,28.11,-0.68,0.5,1.43,-0.51,7.45,0.3,No
8/1/2008,2008,AUG,JAS 2008,-0.2,22.04,1.18,25.79,0.57,26.83,-0.07,28.02,-0.68,0.3,1.17,0.89,8.44,1.0,No
9/1/2008,2008,SEP,ASO 2008,-0.2,21.7,1.12,25.35,0.34,26.52,-0.24,28.09,-0.58,0.1,0.96,0.89,9.72,1.2,No
10/1/2008,2008,OCT,SON 2008,-0.4,21.32,0.45,25.32,0.23,26.57,-0.2,28.25,-0.43,0.7,0.84,1.11,8.37,1.3,No
11/1/2008,2008,NOV,OND 2008,-0.6,21.63,0.0,25.15,-0.05,26.47,-0.35,28.17,-0.5,0.5,0.79,1.05,7.55,1.3,No
12/1/2008,2008,DEC,NDJ 2008,-0.7,22.58,-0.26,24.64,-0.63,25.83,-0.82,27.68,-0.77,1.6,0.78,-1.71,7.56,1.4,No
1/1/2009,2009,JAN,DJF 2009,-0.9,24.36,-0.16,25.32,-0.35,25.76,-0.8,27.38,-0.84,1.3,0.79,0.13,9.85,1.1,No
2/1/2009,2009,FEB,JFM 2009,-0.8,25.86,-0.24,25.96,-0.42,26.13,-0.6,27.41,-0.69,1.3,0.75,-1.57,9.09,1.9,No
3/1/2009,2009,MAR,FMA 2009,-0.6,26.11,-0.49,26.51,-0.65,26.61,-0.62,27.69,-0.54,0.9,0.51,-1.29,3.53,0.4,No
4/1/2009,2009,APR,MAM 2009,-0.3,26.07,0.34,27.53,-0.04,27.65,-0.16,28.3,-0.21,0.7,0.11,-0.04,6.95,0.8,No
5/1/2009,2009,MAY,AMJ 2009,0.0,25.11,0.5,27.59,0.38,28.06,0.18,28.82,0.03,0.6,-0.28,-0.43,8.07,-0.1,No
6/1/2009,2009,JUN,MJJ 2009,0.3,23.9,0.73,27.28,0.63,28.13,0.42,28.96,0.12,0.0,-0.48,0.48,7.9,0.1,No
7/1/2009,2009,JUL,JJA 2009,0.5,22.82,0.98,26.66,0.79,27.83,0.53,29.06,0.27,0.0,-0.85,0.72,10.05,0.2,No
8/1/2009,2009,AUG,JAS 2009,0.6,21.66,0.8,26.05,0.83,27.59,0.69,29.17,0.47,0.0,-1.31,0.62,4.95,-0.2,No
9/1/2009,2009,SEP,ASO 2009,0.7,21.21,0.63,25.83,0.82,27.48,0.71,29.04,0.37,0.0,-1.69,1.03,7.31,0.3,No
10/1/2009,2009,OCT,SON 2009,1.0,21.12,0.25,25.84,0.75,27.69,0.92,29.54,0.86,0.0,-2.03,0.64,4.75,-1.2,No
11/1/2009,2009,NOV,OND 2009,1.4,21.87,0.25,26.27,1.07,28.25,1.43,29.84,1.17,0.0,-2.42,0.19,10.24,-0.6,No
12/1/2009,2009,DEC,NDJ 2009,1.6,23.46,0.62,26.67,1.41,28.33,1.68,29.62,1.17,-2.6,-2.57,0.04,2.79,-0.7,No
1/1/2010,2010,JAN,DJF 2010,1.5,24.52,0.0,26.73,1.06,28.1,1.53,29.39,1.16,-2.1,-2.65,0.96,6.03,-1.1,Yes
2/1/2010,2010,FEB,JFM 2010,1.2,25.79,-0.3,27.12,0.74,27.92,1.19,29.01,0.92,-2.3,-2.4,0.48,0.78,-1.5,Yes
3/1/2010,2010,MAR,FMA 2010,0.8,26.5,-0.1,27.88,0.72,28.34,1.11,29.1,0.87,-1.5,-2.13,1.68,0.86,-0.7,Yes
4/1/2010,2010,APR,MAM 2010,0.4,26.35,0.62,28.12,0.55,28.4,0.59,29.21,0.7,-0.3,-1.75,1.26,1.86,1.2,Yes
5/1/2010,2010,MAY,AMJ 2010,-0.2,24.75,0.13,27.13,-0.09,27.77,-0.11,29.0,0.21,0.6,-1.55,-0.73,3.28,0.9,Yes
6/1/2010,2010,JUN,MJJ 2010,-0.7,23.36,0.18,26.08,-0.56,27.16,-0.55,28.58,-0.26,1.0,-0.96,-0.1,7.5,0.4,Yes
7/1/2010,2010,JUL,JJA 2010,-1.1,20.76,-1.07,25.0,-0.87,26.38,-0.92,28.13,-0.66,0.8,-0.56,0.89,9.38,1.8,Yes
8/1/2010,2010,AUG,JAS 2010,-1.4,19.93,-0.92,24.23,-0.99,25.69,-1.21,27.56,-1.13,1.0,-0.22,1.07,9.87,1.8,Yes
9/1/2010,2010,SEP,ASO 2010,-1.6,19.23,-1.35,24.07,-0.94,25.46,-1.31,27.2,-1.47,1.3,0.11,1.07,9.07,2.2,Yes
10/1/2010,2010,OCT,SON 2010,-1.6,19.46,-1.41,23.72,-1.36,25.36,-1.41,27.33,-1.35,1.3,0.68,2.15,11.2,1.7,Yes
11/1/2010,2010,NOV,OND 2010,-1.6,20.3,-1.32,23.95,-1.25,25.38,-1.44,27.24,-1.43,1.5,1.17,-0.81,7.3,1.3,Yes
12/1/2010,2010,DEC,NDJ 2010,-1.6,21.64,-1.2,23.98,-1.29,25.44,-1.21,27.31,-1.14,2.2,1.53,-2.08,8.91,2.9,Yes
1/1/2011,2011,JAN,DJF 2011,-1.4,23.89,-0.62,24.4,-1.28,25.09,-1.48,27.04,-1.18,2.0,1.52,1.0,14.63,2.3,Yes
2/1/2011,2011,FEB,JFM 2011,-1.2,26.11,0.01,25.58,-0.8,25.55,-1.19,27.03,-1.07,2.3,1.58,-2.41,8.89,2.7,Yes
3/1/2011,2011,MAR,FMA 2011,-0.9,26.1,-0.5,26.37,-0.8,26.4,-0.83,27.73,-0.5,1.7,1.55,0.38,8.91,2.5,Yes
4/1/2011,2011,APR,MAM 2011,-0.7,25.61,-0.12,27.2,-0.37,27.05,-0.76,27.76,-0.75,1.1,1.27,-1.78,1.82,1.9,Yes
5/1/2011,2011,MAY,AMJ 2011,-0.6,24.78,0.16,26.94,-0.28,27.49,-0.39,28.37,-0.42,0.3,0.84,0.25,6.94,0.4,Yes
6/1/2011,2011,JUN,MJJ 2011,-0.4,23.42,0.25,26.59,-0.05,27.4,-0.31,28.36,-0.49,-0.1,0.68,0.35,10.06,0.2,Yes
7/1/2011,2011,JUL,JJA 2011,-0.5,22.12,0.29,25.88,0.01,27.11,-0.19,28.38,-0.4,0.0,0.39,-0.75,8.88,1.0,Yes
8/1/2011,2011,AUG,JAS 2011,-0.6,20.8,-0.06,24.88,-0.34,26.48,-0.42,28.46,-0.23,0.2,0.17,1.4,8.28,0.4,Yes
9/1/2011,2011,SEP,ASO 2011,-0.8,19.88,-0.7,24.44,-0.57,26.09,-0.67,28.11,-0.57,0.2,-0.03,-0.39,7.14,1.0,Yes
10/1/2011,2011,OCT,SON 2011,-1.0,19.95,-0.93,24.35,-0.74,26.06,-0.71,27.99,-0.69,0.9,0.07,0.86,9.31,0.8,Yes
11/1/2011,2011,NOV,OND 2011,-1.1,20.96,-0.67,24.18,-1.02,25.85,-0.98,27.87,-0.81,0.8,0.36,-0.76,7.88,1.1,Yes
12/1/2011,2011,DEC,NDJ 2011,-1.0,22.18,-0.65,24.35,-0.92,25.66,-0.99,27.44,-1.01,1.5,0.84,0.06,11.6,2.5,Yes
1/1/2012,2012,JAN,DJF 2012,-0.9,23.91,-0.61,25.2,-0.48,25.91,-0.65,27.31,-0.92,1.7,1.08,0.13,5.08,1.1,No
2/1/2012,2012,FEB,JFM 2012,-0.7,25.95,-0.15,26.13,-0.25,26.18,-0.55,27.47,-0.63,1.9,1.48,0.7,8.71,0.5,No
3/1/2012,2012,MAR,FMA 2012,-0.6,26.52,-0.08,27.04,-0.12,26.79,-0.44,27.55,-0.68,0.9,1.61,-0.19,5.1,0.7,No
4/1/2012,2012,APR,MAM 2012,-0.5,26.55,0.82,27.49,-0.09,27.29,-0.51,27.98,-0.53,0.1,1.6,-0.09,4.89,-0.3,No
5/1/2012,2012,MAY,AMJ 2012,-0.3,25.42,0.81,27.26,0.05,27.69,-0.19,28.37,-0.42,0.0,1.19,-0.29,5.34,0.0,No
6/1/2012,2012,JUN,MJJ 2012,0.0,24.49,1.31,27.19,0.55,27.95,0.24,28.5,-0.34,0.1,0.6,-0.42,7.08,-0.4,No
7/1/2012,2012,JUL,JJA 2012,0.3,22.13,0.3,26.47,0.6,27.57,0.27,28.54,-0.25,-0.8,-0.05,-0.57,11.37,0.0,No
8/1/2012,2012,AUG,JAS 2012,0.4,20.95,0.09,25.92,0.7,27.58,0.68,28.78,0.09,0.1,-0.72,-0.2,4.45,-0.2,No
9/1/2012,2012,SEP,ASO 2012,0.4,21.13,0.55,25.41,0.4,27.2,0.44,28.8,0.12,-0.5,-1.41,-0.39,10.36,0.2,No
10/1/2012,2012,OCT,SON 2012,0.3,20.42,-0.46,25.11,0.02,27.13,0.36,29.03,0.34,-0.4,-1.74,-1.13,8.46,0.3,No
11/1/2012,2012,NOV,OND 2012,0.1,21.52,-0.1,25.44,0.24,27.32,0.5,29.04,0.37,-0.2,-1.63,-1.06,5.16,0.3,No
12/1/2012,2012,DEC,NDJ 2012,-0.2,22.39,-0.45,24.61,-0.65,26.18,-0.47,28.45,0.01,0.5,-1.52,-1.31,6.64,-0.6,No
1/1/2013,2013,JAN,DJF 2013,-0.4,24.37,-0.14,25.0,-0.67,26.09,-0.48,28.14,-0.08,-0.3,-1.15,0.05,10.6,-0.1,No
2/1/2013,2013,FEB,JFM 2013,-0.4,25.98,-0.11,25.83,-0.55,26.25,-0.48,28.19,0.09,0.1,-1.0,0.3,7.15,-0.2,No
3/1/2013,2013,MAR,FMA 2013,-0.3,26.11,-0.49,27.2,0.04,27.02,-0.22,27.74,-0.49,-0.2,-1.17,-0.26,2.44,1.5,No
4/1/2013,2013,APR,MAM 2013,-0.3,24.65,-1.08,27.59,0.02,27.92,0.11,28.36,-0.15,0.6,-1.53,-1.76,3.24,0.2,No
5/1/2013,2013,MAY,AMJ 2013,-0.4,23.24,-1.37,26.52,-0.69,27.58,-0.3,28.57,-0.22,0.6,-1.93,-0.24,4.76,0.8,No
6/1/2013,2013,JUN,MJJ 2013,-0.4,21.27,-1.9,25.84,-0.8,27.37,-0.34,28.57,-0.27,0.4,-2.38,-0.35,9.03,1.2,No
7/1/2013,2013,JUL,JJA 2013,-0.4,20.02,-1.81,25.3,-0.57,27.04,-0.26,28.61,-0.17,0.6,-2.4,-0.71,10.61,0.8,No
8/1/2013,2013,AUG,JAS 2013,-0.3,19.83,-1.03,24.5,-0.72,26.43,-0.47,28.5,-0.19,0.8,-2.19,-0.06,9.06,0.2,No
9/1/2013,2013,SEP,ASO 2013,-0.3,19.81,-0.77,24.96,-0.05,26.82,0.05,28.74,0.06,0.3,-1.94,0.41,4.9,0.3,No
10/1/2013,2013,OCT,SON 2013,-0.2,20.2,-0.67,25.04,-0.05,26.62,-0.15,28.8,0.12,0.1,-1.58,-0.21,9.0,-0.1,No
11/1/2013,2013,NOV,OND 2013,-0.2,20.98,-0.64,24.97,-0.23,26.73,-0.09,28.81,0.14,0.5,-1.04,-1.14,10.86,0.7,No
12/1/2013,2013,DEC,NDJ 2013,-0.3,22.83,-0.01,25.29,0.03,26.47,-0.18,28.15,-0.3,0.7,-1.08,-1.16,4.43,0.1,No
1/1/2014,2014,JAN,DJF 2014,-0.4,24.71,0.19,25.47,-0.2,26.07,-0.49,27.91,-0.32,0.2,-1.36,0.59,13.88,1.4,No
2/1/2014,2014,FEB,JFM 2014,-0.5,25.18,-0.92,25.63,-0.75,25.89,-0.85,27.93,-0.16,0.2,-1.5,-1.57,2.86,0.1,No
3/1/2014,2014,MAR,FMA 2014,-0.3,25.81,-0.79,27.11,-0.05,26.89,-0.34,28.28,0.05,-1.1,-1.41,-0.5,5.52,-0.9,No
4/1/2014,2014,APR,MAM 2014,0.0,25.38,-0.35,27.74,0.17,27.99,0.18,28.83,0.32,-1.0,-1.48,0.0,2.0,0.8,No
5/1/2014,2014,MAY,AMJ 2014,0.2,25.18,0.57,27.8,0.59,28.33,0.45,29.27,0.48,-0.1,-1.12,-0.59,4.52,0.5,No
6/1/2014,2014,JUN,MJJ 2014,0.2,24.39,1.22,27.58,0.93,28.18,0.47,29.07,0.22,-0.7,-0.64,-1.44,7.44,0.2,No
7/1/2014,2014,JUL,JJA 2014,0.1,23.19,1.36,26.35,0.48,27.27,-0.03,28.83,0.04,-0.2,-0.41,0.5,8.83,-0.2,No
8/1/2014,2014,AUG,JAS 2014,0.1,21.88,1.02,25.54,0.32,26.89,-0.01,28.97,0.28,0.3,-0.5,1.35,7.86,-0.7,No
9/1/2014,2014,SEP,ASO 2014,0.2,21.32,0.74,25.35,0.34,27.07,0.31,29.21,0.53,0.0,-0.81,0.78,7.7,-0.7,No
10/1/2014,2014,OCT,SON 2014,0.5,21.26,0.39,25.71,0.63,27.2,0.43,29.15,0.47,-0.2,-1.24,1.14,8.02,-0.6,No
11/1/2014,2014,NOV,OND 2014,0.6,22.36,0.74,26.08,0.88,27.57,0.75,29.4,0.73,0.2,-1.72,0.64,8.39,-0.9,No
12/1/2014,2014,DEC,NDJ 2014,0.7,22.73,-0.11,26.03,0.77,27.28,0.63,29.2,0.75,0.0,-2.12,0.37,8.93,-0.6,No
1/1/2015,2015,JAN,DJF 2015,0.6,24.58,0.06,26.21,0.54,27.07,0.51,28.92,0.7,0.1,-2.48,0.14,3.82,-0.8,Yes
2/1/2015,2015,FEB,JFM 2015,0.5,25.53,-0.57,26.75,0.37,27.48,0.75,29.06,0.96,-0.1,-2.44,0.49,1.03,0.2,Yes
3/1/2015,2015,MAR,FMA 2015,0.5,26.73,0.13,27.29,0.12,27.68,0.44,29.17,0.94,-1.9,-1.98,-0.52,0.26,-0.7,Yes
4/1/2015,2015,APR,MAM 2015,0.7,26.69,0.96,28.33,0.76,28.63,0.82,29.62,1.1,-1.0,-1.43,-0.39,1.09,0.0,Yes
5/1/2015,2015,MAY,AMJ 2015,0.9,25.95,1.34,28.07,0.86,28.71,0.83,29.68,0.89,-0.9,-0.7,-0.05,0.77,-0.7,Yes
6/1/2015,2015,JUN,MJJ 2015,1.2,25.09,1.91,27.9,1.26,28.73,1.02,29.74,0.9,-1.4,-0.2,-0.07,7.08,-0.6,Yes
7/1/2015,2015,JUL,JJA 2015,1.5,24.31,2.48,27.58,1.71,28.56,1.26,29.68,0.89,-0.4,0.1,0.29,4.21,-1.1,Yes
8/1/2015,2015,AUG,JAS 2015,1.9,22.66,1.8,27.06,1.84,28.55,1.65,29.42,0.73,-1.5,0.11,0.05,4.49,-1.4,Yes
9/1/2015,2015,SEP,ASO 2015,2.2,22.84,2.26,27.1,2.09,28.55,1.79,29.46,0.79,-1.7,-0.14,-0.8,9.77,-1.6,Yes
10/1/2015,2015,OCT,SON 2015,2.4,23.07,2.2,27.46,2.38,28.98,2.21,29.63,0.95,-1.5,-0.4,2.12,3.49,-1.7,Yes
11/1/2015,2015,NOV,OND 2015,2.6,23.67,2.04,27.9,2.7,29.54,2.72,30.22,1.55,-1.5,-0.68,-0.2,5.71,-0.5,Yes
12/1/2015,2015,DEC,NDJ 2015,2.6,24.94,2.1,27.84,2.57,29.03,2.39,29.84,1.4,-2.7,-1.19,0.47,2.66,-0.6,Yes
1/1/2016,2016,JAN,DJF 2016,2.5,25.72,1.21,28.16,2.49,29.04,2.47,29.49,1.26,-2.0,-1.63,1.94,0.89,-2.2,Yes
2/1/2016,2016,FEB,JFM 2016,2.1,27.1,1.01,28.31,1.93,28.97,2.23,29.47,1.37,-2.4,-1.8,1.68,0.49,-2.0,Yes
3/1/2016,2016,MAR,FMA 2016,1.6,27.72,1.11,28.69,1.53,28.85,1.61,29.42,1.2,-1.6,-1.95,0.41,0.05,-0.1,Yes
4/1/2016,2016,APR,MAM 2016,0.9,26.18,0.45,28.27,0.7,28.79,0.98,29.26,0.75,-0.9,-1.98,0.6,0.75,-1.2,Yes
5/1/2016,2016,MAY,AMJ 2016,0.4,25.06,0.44,27.18,-0.03,28.15,0.27,29.35,0.56,-0.2,-1.76,-0.85,4.35,0.4,Yes
6/1/2016,2016,JUN,MJJ 2016,-0.1,23.54,0.37,26.62,-0.02,27.73,0.02,29.26,0.41,0.1,-1.44,-0.64,8.35,0.6,Yes
7/1/2016,2016,JUL,JJA 2016,-0.4,22.22,0.39,25.41,-0.47,26.88,-0.42,28.94,0.15,0.4,-0.97,0.53,7.61,0.4,Yes
8/1/2016,2016,AUG,JAS 2016,-0.5,21.26,0.4,24.79,-0.43,26.41,-0.49,28.69,-0.01,0.7,-0.51,-0.91,6.02,0.7,Yes
9/1/2016,2016,SEP,ASO 2016,-0.6,21.17,0.59,24.91,-0.1,26.34,-0.43,28.51,-0.16,0.7,-0.1,0.11,6.19,1.2,Yes
10/1/2016,2016,OCT,SON 2016,-0.7,21.35,0.48,24.61,-0.48,26.07,-0.7,28.28,-0.4,0.9,0.32,1.53,9.74,-0.3,Yes
11/1/2016,2016,NOV,OND 2016,-0.7,21.88,0.26,24.69,-0.51,26.18,-0.64,28.27,-0.41,1.2,0.69,1.44,7.54,-0.1,Yes
12/1/2016,2016,DEC,NDJ 2016,-0.6,23.26,0.42,24.98,-0.28,26.31,-0.33,28.38,-0.06,1.2,1.1,-0.65,7.79,0.3,Yes
1/1/2017,2017,JAN,DJF 2017,-0.3,25.58,1.07,25.64,-0.03,26.3,-0.26,28.15,-0.07,0.9,1.45,-0.29,10.22,0.2,No
2/1/2017,2017,FEB,JFM 2017,-0.2,27.24,1.14,26.91,0.53,26.83,0.1,28.01,-0.09,1.4,1.47,-0.05,2.5,-0.1,No
3/1/2017,2017,MAR,FMA 2017,0.1,28.43,1.83,27.66,0.5,27.44,0.21,28.17,-0.06,1.1,1.27,-0.03,3.73,0.9,No
4/1/2017,2017,APR,MAM 2017,0.2,26.5,0.77,28.13,0.56,28.17,0.36,28.62,0.11,0.4,0.59,0.14,3.11,-0.2,No
5/1/2017,2017,MAY,AMJ 2017,0.3,24.96,0.35,27.59,0.38,28.3,0.42,28.98,0.19,0.1,-0.27,-0.19,7.3,0.3,No
6/1/2017,2017,JUN,MJJ 2017,0.3,23.15,-0.03,26.71,0.07,28.1,0.39,29.28,0.44,0.6,-1.15,1.18,6.14,-0.4,No
7/1/2017,2017,JUL,JJA 2017,0.1,21.52,-0.32,26.02,0.15,27.58,0.28,29.02,0.23,-0.6,-1.58,1.33,6.28,0.8,No
8/1/2017,2017,AUG,JAS 2017,-0.1,20.58,-0.28,25.23,0.02,26.85,-0.06,28.78,0.09,0.2,-1.93,0.2,7.95,0.5,No
9/1/2017,2017,SEP,ASO 2017,-0.4,19.87,-0.71,24.5,-0.51,26.44,-0.32,28.59,-0.09,0.6,-1.85,-0.32,7.57,0.6,No
10/1/2017,2017,OCT,SON 2017,-0.7,19.8,-1.07,24.69,-0.39,26.4,-0.37,28.56,-0.13,0.6,-1.74,-0.28,10.04,0.9,No
11/1/2017,2017,NOV,OND 2017,-0.8,20.5,-1.12,24.25,-0.95,25.91,-0.91,28.32,-0.35,0.9,-1.55,-1.98,8.01,0.9,No
12/1/2017,2017,DEC,NDJ 2017,-1.0,21.62,-1.22,24.12,-1.14,25.72,-0.93,28.06,-0.39,0.7,-1.26,0.58,7.3,-0.1,No
1/1/2018,2018,JAN,DJF 2018,-0.9,23.78,-0.74,24.59,-1.09,25.87,-0.7,28.02,-0.2,1.7,-1.13,-0.14,10.54,1.1,No
2/1/2018,2018,FEB,JFM 2018,-0.9,25.61,-0.49,25.59,-0.79,26.06,-0.67,27.84,-0.26,0.0,-1.26,-1.67,7.04,-0.5,No
3/1/2018,2018,MAR,FMA 2018,-0.7,25.85,-0.75,26.43,-0.73,26.5,-0.73,28.04,-0.18,0.5,-1.32,-1.16,1.55,1.5,No
4/1/2018,2018,APR,MAM 2018,-0.5,24.89,-0.84,27.08,-0.49,27.31,-0.49,28.56,0.05,1.2,-1.65,-1.12,2.05,0.5,No
5/1/2018,2018,MAY,AMJ 2018,-0.2,24.07,-0.54,27.07,-0.15,27.77,-0.11,28.92,0.13,1.0,-1.98,-1.09,3.41,0.4,No
6/1/2018,2018,JUN,MJJ 2018,0.0,22.48,-0.69,26.82,0.18,27.86,0.15,29.08,0.24,1.0,-2.12,0.66,4.67,-0.1,No
7/1/2018,2018,JUL,JJA 2018,0.1,21.54,-0.29,26.14,0.27,27.52,0.22,29.01,0.22,0.2,-2.09,-0.76,6.39,0.2,No
8/1/2018,2018,AUG,JAS 2018,0.2,20.67,-0.18,25.36,0.14,27.18,0.28,29.16,0.47,0.3,-2.16,1.24,5.1,-0.3,No
9/1/2018,2018,SEP,ASO 2018,0.5,20.6,0.02,25.29,0.28,27.1,0.33,29.13,0.46,0.2,-1.98,1.16,7.13,-0.9,No
10/1/2018,2018,OCT,SON 2018,0.8,21.15,0.27,25.85,0.76,27.63,0.86,29.56,0.88,0.3,-1.89,0.39,2.42,0.4,No
11/1/2018,2018,NOV,OND 2018,0.9,22.4,0.78,26.12,0.92,27.69,0.86,29.46,0.79,-0.5,-1.73,0.22,6.83,-0.1,No
12/1/2018,2018,DEC,NDJ 2018,0.8,23.67,0.84,26.21,0.94,27.54,0.9,29.41,0.97,-0.3,-1.7,0.56,4.17,1.0,No
1/1/2019,2019,JAN,DJF 2019,0.8,25.32,0.8,26.41,0.73,27.24,0.67,29.06,0.83,-0.7,-1.73,0.42,2.18,0.0,Yes
2/1/2019,2019,FEB,JFM 2019,0.7,26.77,0.67,27.09,0.71,27.44,0.71,28.94,0.85,-1.8,-1.77,-1.73,0.5,-1.4,Yes
3/1/2019,2019,MAR,FMA 2019,0.7,27.11,0.5,27.95,0.79,28.21,0.97,29.09,0.87,-1.2,-1.89,-0.05,0.8,-0.3,Yes
4/1/2019,2019,APR,MAM 2019,0.7,26.2,0.47,28.21,0.64,28.53,0.72,29.13,0.61,-0.8,-2.23,-0.84,0.95,0.1,Yes
5/1/2019,2019,MAY,AMJ 2019,0.5,24.76,0.15,27.87,0.66,28.63,0.75,29.41,0.62,-0.7,-2.54,-0.17,1.47,-0.4,Yes
6/1/2019,2019,JUN,MJJ 2019,0.5,23.15,-0.03,27.07,0.42,28.31,0.6,29.53,0.69,-0.3,-2.75,0.24,4.19,-0.5,Yes
7/1/2019,2019,JUL,JJA 2019,0.3,21.24,-0.59,25.93,0.06,27.72,0.42,29.51,0.73,0.1,-3.05,0.62,6.59,-0.4,Yes
8/1/2019,2019,AUG,JAS 2019,0.1,20.39,-0.47,25.11,-0.11,27.05,0.15,29.31,0.62,0.0,-3.34,1.16,6.24,-0.1,Yes
9/1/2019,2019,SEP,ASO 2019,0.2,19.86,-0.72,24.8,-0.21,26.75,-0.01,29.25,0.57,0.5,-3.29,1.62,2.67,-1.2,Yes
10/1/2019,2019,OCT,SON 2019,0.4,19.94,-0.93,25.25,0.16,27.28,0.52,29.53,0.84,0.4,-3.0,-0.97,4.82,-0.4,Yes
11/1/2019,2019,NOV,OND 2019,0.5,21.49,-0.13,25.57,0.37,27.28,0.46,29.4,0.73,-0.1,-2.86,-0.07,3.65,-0.8,Yes
12/1/2019,2019,DEC,NDJ 2019,0.6,23.11,0.27,25.56,0.29,27.08,0.44,29.29,0.85,-0.2,-2.55,-0.12,2.83,-0.6,Yes
1/1/2020,2020,JAN,DJF 2020,0.5,24.49,-0.03,25.89,0.22,27.08,0.52,29.16,0.94,-0.7,-2.21,-0.95,0.54,0.2,Yes
2/1/2020,2020,FEB,JFM 2020,0.5,26.24,0.14,26.48,0.1,27.09,0.35,28.98,0.88,-1.3,-2.03,-0.07,1.45,-0.1,Yes
3/1/2020,2020,MAR,FMA 2020,0.4,27.04,0.44,27.34,0.17,27.7,0.46,28.95,0.73,0.1,-1.81,-2.41,2.14,-0.1,Yes
4/1/2020,2020,APR,MAM 2020,0.2,26.01,0.28,27.96,0.39,28.22,0.41,29.04,0.53,0.7,-1.76,-1.38,0.58,0.2,Yes
5/1/2020,2020,MAY,AMJ 2020,-0.1,24.33,-0.28,27.08,-0.13,27.67,-0.21,28.83,0.04,0.7,-1.89,0.27,3.26,0.4,Yes
6/1/2020,2020,JUN,MJJ 2020,-0.3,22.31,-0.87,26.07,-0.57,27.44,-0.27,28.99,0.15,1.1,-1.86,0.86,9.78,-0.4,Yes
7/1/2020,2020,JUL,JJA 2020,-0.4,20.83,-1.01,25.45,-0.42,27.15,-0.14,28.83,0.05,0.8,-1.72,1.2,9.72,0.4,Yes
8/1/2020,2020,AUG,JAS 2020,-0.6,20.17,-0.69,24.79,-0.43,26.38,-0.52,28.36,-0.34,0.8,-1.59,1.8,9.14,1.1,Yes
9/1/2020,2020,SEP,ASO 2020,-0.9,19.82,-0.76,24.21,-0.8,26.12,-0.64,28.25,-0.43,0.8,-1.09,0.59,4.12,0.9,Yes
10/1/2020,2020,OCT,SON 2020,-1.2,20.12,-0.76,24.19,-0.9,25.64,-1.13,27.97,-0.71,1.1,-0.44,-1.08,13.68,0.5,Yes
11/1/2020,2020,NOV,OND 2020,-1.3,20.95,-0.67,24.17,-1.03,25.59,-1.23,27.98,-0.7,1.2,0.17,0.21,9.29,0.7,Yes
12/1/2020,2020,DEC,NDJ 2020,-1.2,21.98,-0.86,24.56,-0.7,25.66,-0.99,27.6,-0.85,1.8,0.57,1.28,13.54,1.8,Yes
1/1/2021,2021,JAN,DJF 2021,-1.1,23.78,-0.74,25.16,-0.51,25.67,-0.9,27.22,-1.0,2.2,0.7,-0.41,6.63,1.9,No
2/1/2021,2021,FEB,JFM 2021,-0.9,25.51,-0.58,25.67,-0.71,25.87,-0.87,27.23,-0.87,1.1,0.38,-0.71,3.96,1.5,No
3/1/2021,2021,MAR,FMA 2021,-0.8,26.18,-0.42,26.69,-0.47,26.69,-0.55,27.81,-0.41,1.5,-0.01,-1.24,3.57,0.4,No
4/1/2021,2021,APR,MAM 2021,-0.7,24.6,-1.13,26.81,-0.76,27.24,-0.57,28.33,-0.18,0.1,-0.42,-1.26,1.63,0.3,No
5/1/2021,2021,MAY,AMJ 2021,-0.5,23.78,-0.83,26.76,-0.45,27.56,-0.32,28.73,-0.06,0.2,-0.64,-1.1,7.55,0.5,No
6/1/2021,2021,JUN,MJJ 2021,-0.4,23.12,-0.05,26.55,-0.09,27.67,-0.04,28.88,0.04,0.8,-0.82,0.82,4.7,0.4,No
7/1/2021,2021,JUL,JJA 2021,-0.4,22.08,0.25,25.77,-0.1,27.11,-0.19,28.66,-0.13,0.3,-0.52,0.11,3.68,1.4,No
8/1/2021,2021,AUG,JAS 2021,-0.5,20.84,-0.01,25.02,-0.2,26.62,-0.28,28.62,-0.07,1.0,-0.19,0.93,5.33,0.6,No
9/1/2021,2021,SEP,ASO 2021,-0.7,20.76,0.18,24.84,-0.17,26.49,-0.27,28.25,-0.42,0.7,-0.2,0.33,7.0,0.8,No
10/1/2021,2021,OCT,SON 2021,-0.8,20.58,-0.29,24.53,-0.56,26.0,-0.77,28.11,-0.57,1.2,-0.29,1.41,6.85,0.7,No
11/1/2021,2021,NOV,OND 2021,-1.0,20.81,-0.81,24.43,-0.77,25.97,-0.85,27.99,-0.68,1.4,-0.45,0.68,9.35,1.0,No
12/1/2021,2021,DEC,NDJ 2021,-1.0,21.31,-1.53,24.06,-1.21,25.6,-1.05,27.68,-0.76,1.1,-0.74,-2.85,9.42,1.5,No
1/1/2022,2022,JAN,DJF 2022,-1.0,23.82,-0.7,24.5,-1.17,25.73,-0.83,28.0,-0.22,1.1,-0.57,0.65,0.0,0.5,No
2/1/2022,2022,FEB,JFM 2022,-0.9,24.66,-1.43,25.32,-1.06,26.02,-0.71,27.87,-0.23,1.6,-0.52,0.58,0.0,1.1,No
3/1/2022,2022,MAR,FMA 2022,-1.0,25.95,-0.66,26.46,-0.7,26.34,-0.89,27.58,-0.65,1.8,-0.57,-0.16,0.0,1.8,No
4/1/2022,2022,APR,MAM 2022,-1.1,24.31,-1.42,26.68,-0.89,26.85,-0.95,27.79,-0.72,1.6,-0.6,-0.96,0.0,1.7,No
5/1/2022,2022,MAY,AMJ 2022,-1.0,23.2,-1.42,26.3,-0.92,26.83,-1.05,27.93,-0.86,1.5,-0.37,-0.64,0.0,1.4,No
6/1/2022,2022,JUN,MJJ 2022,-0.9,21.77,-1.41,26.02,-0.62,27.03,-0.68,28.27,-0.57,1.0,0.0,-0.22,0.0,1.7,No
7/1/2022,2022,JUL,JJA 2022,0.0,20.67,-1.16,25.51,-0.36,26.68,-0.62,27.9,-0.88,0.8,0.0,1.96,0.0,0.8,No
8/1/2022,2022,AUG,JAS 2022,0.0,19.53,-0.96,25.03,-0.12,26.35,-0.69,27.84,-0.92,0.6,0.0,2.33,0.0,1.2,No
9/1/2022,2022,SEP,ASO 2022,0.0,18.29,-1.18,24.58,0.17,25.85,-0.93,27.74,-1.02,0.4,0.0,2.14,0.0,0.6,No
10/1/2022,2022,OCT,SON 2022,0.0,16.64,-1.56,24.16,0.4,25.24,-1.24,27.42,-1.27,0.2,0.0,1.64,0.0,0.2,No
11/1/2022,2022,NOV,OND 2022,0.0,14.71,-1.92,23.56,0.63,24.45,-1.57,26.87,-1.67,0.0,0.0,1.06,0.0,0.0,No
12/1/2022,2022,DEC,NDJ 2023,0.0,12.77,-2.23,22.72,0.93,23.48,-1.88,0.0,0.0,0.0,0.0,0.0,0.0,0.0,No
